,Position,Track Name,Artist,Streams,URL,Song ID,index,acousticness,analysis_url,danceability,duration_ms,energy,id,instrumentalness,key,liveness,loudness,mode,speechiness,tempo,time_signature,track_href,type,uri,valence
0,1,Sucker,Jonas Brothers,15564538,https://open.spotify.com/track/4y3OI86AEP6PQoDE6olYhO,4y3OI86AEP6PQoDE6olYhO,0,0.0436,https://api.spotify.com/v1/audio-analysis/4y3OI86AEP6PQoDE6olYhO,0.846,181040,0.731,4y3OI86AEP6PQoDE6olYhO,0.0,1,0.0949,-5.027,0,0.064,137.947,4,https://api.spotify.com/v1/tracks/4y3OI86AEP6PQoDE6olYhO,audio_features,spotify:track:4y3OI86AEP6PQoDE6olYhO,0.933
1,2,7 rings,Ariana Grande,10794923,https://open.spotify.com/track/6ocbgoVGwYJhOv1GgI9NsF,6ocbgoVGwYJhOv1GgI9NsF,1,0.592,https://api.spotify.com/v1/audio-analysis/6ocbgoVGwYJhOv1GgI9NsF,0.778,178627,0.317,6ocbgoVGwYJhOv1GgI9NsF,0.0,1,0.0881,-10.732,0,0.334,140.048,4,https://api.spotify.com/v1/tracks/6ocbgoVGwYJhOv1GgI9NsF,audio_features,spotify:track:6ocbgoVGwYJhOv1GgI9NsF,0.327
2,3,MIDDLE CHILD,J. Cole,10268456,https://open.spotify.com/track/2JvzF1RMd7lE3KmFlsyZD8,2JvzF1RMd7lE3KmFlsyZD8,2,0.149,https://api.spotify.com/v1/audio-analysis/2JvzF1RMd7lE3KmFlsyZD8,0.837,213594,0.364,2JvzF1RMd7lE3KmFlsyZD8,0.0,8,0.271,-11.713,1,0.276,123.984,4,https://api.spotify.com/v1/tracks/2JvzF1RMd7lE3KmFlsyZD8,audio_features,spotify:track:2JvzF1RMd7lE3KmFlsyZD8,0.463
3,4,Murder On My Mind,YNW Melly,9916313,https://open.spotify.com/track/7eBqSVxrzQZtK2mmgRG6lC,7eBqSVxrzQZtK2mmgRG6lC,3,0.145,https://api.spotify.com/v1/audio-analysis/7eBqSVxrzQZtK2mmgRG6lC,0.759,268434,0.73,7eBqSVxrzQZtK2mmgRG6lC,3.06e-06,0,0.11,-7.985,0,0.0516,115.007,4,https://api.spotify.com/v1/tracks/7eBqSVxrzQZtK2mmgRG6lC,audio_features,spotify:track:7eBqSVxrzQZtK2mmgRG6lC,0.74
4,5,Sunflower - Spider-Man: Into the Spider-Verse,Post Malone,9624645,https://open.spotify.com/track/7dbka99KTWke5o9hRp0JoB,7dbka99KTWke5o9hRp0JoB,4,0.552,https://api.spotify.com/v1/audio-analysis/7dbka99KTWke5o9hRp0JoB,0.761,158040,0.479,7dbka99KTWke5o9hRp0JoB,0.0,2,0.0704,-5.574,1,0.0466,89.913,4,https://api.spotify.com/v1/tracks/7dbka99KTWke5o9hRp0JoB,audio_features,spotify:track:7dbka99KTWke5o9hRp0JoB,0.912
5,6,"break up with your girlfriend, i'm bored",Ariana Grande,9596167,https://open.spotify.com/track/4kV4N9D1iKVxx1KLvtTpjS,4kV4N9D1iKVxx1KLvtTpjS,5,0.0421,https://api.spotify.com/v1/audio-analysis/4kV4N9D1iKVxx1KLvtTpjS,0.726,190440,0.554,4kV4N9D1iKVxx1KLvtTpjS,0.0,5,0.106,-5.29,0,0.0917,169.999,4,https://api.spotify.com/v1/tracks/4kV4N9D1iKVxx1KLvtTpjS,audio_features,spotify:track:4kV4N9D1iKVxx1KLvtTpjS,0.335
6,7,Robbery,Juice WRLD,9364059,https://open.spotify.com/track/44ShclXTOOnYtt5CnCDeGV,44ShclXTOOnYtt5CnCDeGV,6,0.342,https://api.spotify.com/v1/audio-analysis/44ShclXTOOnYtt5CnCDeGV,0.708,240527,0.691,44ShclXTOOnYtt5CnCDeGV,0.0,2,0.222,-5.179,1,0.0442,79.99,4,https://api.spotify.com/v1/tracks/44ShclXTOOnYtt5CnCDeGV,audio_features,spotify:track:44ShclXTOOnYtt5CnCDeGV,0.535
7,8,Wow.,Post Malone,9350302,https://open.spotify.com/track/6MWtB6iiXyIwun0YzU6DFP,6MWtB6iiXyIwun0YzU6DFP,7,0.163,https://api.spotify.com/v1/audio-analysis/6MWtB6iiXyIwun0YzU6DFP,0.833,149520,0.539,6MWtB6iiXyIwun0YzU6DFP,2.1e-06,11,0.101,-7.399,0,0.178,99.947,4,https://api.spotify.com/v1/tracks/6MWtB6iiXyIwun0YzU6DFP,audio_features,spotify:track:6MWtB6iiXyIwun0YzU6DFP,0.385
8,9,Going Bad (feat. Drake),Meek Mill,7855022,https://open.spotify.com/track/2IRZnDFmlqMuOrYOLnZZyc,2IRZnDFmlqMuOrYOLnZZyc,8,0.259,https://api.spotify.com/v1/audio-analysis/2IRZnDFmlqMuOrYOLnZZyc,0.889,180522,0.496,2IRZnDFmlqMuOrYOLnZZyc,0.0,4,0.252,-6.365,0,0.0905,86.003,4,https://api.spotify.com/v1/tracks/2IRZnDFmlqMuOrYOLnZZyc,audio_features,spotify:track:2IRZnDFmlqMuOrYOLnZZyc,0.544
9,10,Shallow,Lady Gaga,6764366,https://open.spotify.com/track/2VxeLyX666F8uXCJ0dZF8B,2VxeLyX666F8uXCJ0dZF8B,9,0.371,https://api.spotify.com/v1/audio-analysis/2VxeLyX666F8uXCJ0dZF8B,0.572,215733,0.385,2VxeLyX666F8uXCJ0dZF8B,0.0,7,0.231,-6.362,1,0.0308,95.799,4,https://api.spotify.com/v1/tracks/2VxeLyX666F8uXCJ0dZF8B,audio_features,spotify:track:2VxeLyX666F8uXCJ0dZF8B,0.323
10,11,a lot,21 Savage,6723155,https://open.spotify.com/track/2t8yVaLvJ0RenpXUIAC52d,2t8yVaLvJ0RenpXUIAC52d,10,0.0395,https://api.spotify.com/v1/audio-analysis/2t8yVaLvJ0RenpXUIAC52d,0.837,288624,0.636,2t8yVaLvJ0RenpXUIAC52d,0.00125,1,0.342,-7.643,1,0.086,145.972,4,https://api.spotify.com/v1/tracks/2t8yVaLvJ0RenpXUIAC52d,audio_features,spotify:track:2t8yVaLvJ0RenpXUIAC52d,0.274
11,12,Thotiana,Blueface,6410390,https://open.spotify.com/track/3oh6SCCeLuXhFpEyepla6G,3oh6SCCeLuXhFpEyepla6G,11,0.18,https://api.spotify.com/v1/audio-analysis/3oh6SCCeLuXhFpEyepla6G,0.906,129264,0.382,3oh6SCCeLuXhFpEyepla6G,0.0,10,0.113,-12.89,0,0.269,104.025,4,https://api.spotify.com/v1/tracks/3oh6SCCeLuXhFpEyepla6G,audio_features,spotify:track:3oh6SCCeLuXhFpEyepla6G,0.391
12,13,Talk,Khalid,6185488,https://open.spotify.com/track/0rTV5WefWd1J3OwIheTzxM,0rTV5WefWd1J3OwIheTzxM,12,0.0501,https://api.spotify.com/v1/audio-analysis/0rTV5WefWd1J3OwIheTzxM,0.9,197487,0.4,0rTV5WefWd1J3OwIheTzxM,0.0,0,0.0876,-8.443,1,0.124,136.001,4,https://api.spotify.com/v1/tracks/0rTV5WefWd1J3OwIheTzxM,audio_features,spotify:track:0rTV5WefWd1J3OwIheTzxM,0.338
13,14,Drip Too Hard (Lil Baby & Gunna),Lil Baby,6157441,https://open.spotify.com/track/78QR3Wp35dqAhFEc2qAGjE,78QR3Wp35dqAhFEc2qAGjE,13,0.103,https://api.spotify.com/v1/audio-analysis/78QR3Wp35dqAhFEc2qAGjE,0.896,145543,0.671,78QR3Wp35dqAhFEc2qAGjE,0.0,1,0.552,-6.977,0,0.289,112.502,4,https://api.spotify.com/v1/tracks/78QR3Wp35dqAhFEc2qAGjE,audio_features,spotify:track:78QR3Wp35dqAhFEc2qAGjE,0.358
14,15,Swervin (feat. 6ix9ine),A Boogie Wit da Hoodie,5944620,https://open.spotify.com/track/1wJRveJZLSb1rjhnUHQiv6,1wJRveJZLSb1rjhnUHQiv6,14,0.0153,https://api.spotify.com/v1/audio-analysis/1wJRveJZLSb1rjhnUHQiv6,0.581,189487,0.662,1wJRveJZLSb1rjhnUHQiv6,0.0,9,0.111,-5.239,1,0.303,93.023,4,https://api.spotify.com/v1/tracks/1wJRveJZLSb1rjhnUHQiv6,audio_features,spotify:track:1wJRveJZLSb1rjhnUHQiv6,0.434
15,16,i,Lil Skies,5934083,https://open.spotify.com/track/4ZT9FnbFu1PaBfV3itxiqT,4ZT9FnbFu1PaBfV3itxiqT,15,0.627,https://api.spotify.com/v1/audio-analysis/4ZT9FnbFu1PaBfV3itxiqT,0.649,181891,0.453,4ZT9FnbFu1PaBfV3itxiqT,0.0,6,0.116,-7.28,1,0.085,99.183,4,https://api.spotify.com/v1/tracks/4ZT9FnbFu1PaBfV3itxiqT,audio_features,spotify:track:4ZT9FnbFu1PaBfV3itxiqT,0.431
16,17,"thank u, next",Ariana Grande,5825536,https://open.spotify.com/track/3e9HZxeyfWwjeyPAMmWSSQ,3e9HZxeyfWwjeyPAMmWSSQ,16,0.229,https://api.spotify.com/v1/audio-analysis/3e9HZxeyfWwjeyPAMmWSSQ,0.717,207320,0.653,3e9HZxeyfWwjeyPAMmWSSQ,0.0,1,0.101,-5.634,1,0.0658,106.966,4,https://api.spotify.com/v1/tracks/3e9HZxeyfWwjeyPAMmWSSQ,audio_features,spotify:track:3e9HZxeyfWwjeyPAMmWSSQ,0.412
17,18,Pure Water (with Migos),Mustard,5759537,https://open.spotify.com/track/63cd4JkwGgYJrbOizbfmsp,63cd4JkwGgYJrbOizbfmsp,17,0.172,https://api.spotify.com/v1/audio-analysis/63cd4JkwGgYJrbOizbfmsp,0.68,194520,0.559,63cd4JkwGgYJrbOizbfmsp,0.0,0,0.318,-5.545,1,0.129,202.006,4,https://api.spotify.com/v1/tracks/63cd4JkwGgYJrbOizbfmsp,audio_features,spotify:track:63cd4JkwGgYJrbOizbfmsp,0.137
18,19,SICKO MODE,Travis Scott,5510628,https://open.spotify.com/track/2xLMifQCjDGFmkHkpNLD9h,2xLMifQCjDGFmkHkpNLD9h,18,0.00513,https://api.spotify.com/v1/audio-analysis/2xLMifQCjDGFmkHkpNLD9h,0.834,312820,0.73,2xLMifQCjDGFmkHkpNLD9h,0.0,8,0.124,-3.714,1,0.222,155.008,4,https://api.spotify.com/v1/tracks/2xLMifQCjDGFmkHkpNLD9h,audio_features,spotify:track:2xLMifQCjDGFmkHkpNLD9h,0.446
19,20,Look Back At It,A Boogie Wit da Hoodie,5242698,https://open.spotify.com/track/3Ol2xnObFdKV9pmRD2t9x8,3Ol2xnObFdKV9pmRD2t9x8,19,0.407,https://api.spotify.com/v1/audio-analysis/3Ol2xnObFdKV9pmRD2t9x8,0.791,179449,0.587,3Ol2xnObFdKV9pmRD2t9x8,0.0,3,0.148,-5.075,0,0.0413,96.057,4,https://api.spotify.com/v1/tracks/3Ol2xnObFdKV9pmRD2t9x8,audio_features,spotify:track:3Ol2xnObFdKV9pmRD2t9x8,0.536
20,21,Please Me,Cardi B,5193922,https://open.spotify.com/track/0PG9fbaaHFHfre2gUVo7AN,0PG9fbaaHFHfre2gUVo7AN,20,0.0642,https://api.spotify.com/v1/audio-analysis/0PG9fbaaHFHfre2gUVo7AN,0.747,200890,0.57,0PG9fbaaHFHfre2gUVo7AN,0.0,1,0.0832,-6.711,1,0.081,133.992,4,https://api.spotify.com/v1/tracks/0PG9fbaaHFHfre2gUVo7AN,audio_features,spotify:track:0PG9fbaaHFHfre2gUVo7AN,0.65
21,22,bury a friend,Billie Eilish,5184731,https://open.spotify.com/track/4NzMOnvSJVNKF7nw5NkXIP,4NzMOnvSJVNKF7nw5NkXIP,21,0.74,https://api.spotify.com/v1/audio-analysis/4NzMOnvSJVNKF7nw5NkXIP,0.905,193143,0.389,4NzMOnvSJVNKF7nw5NkXIP,0.162,8,0.106,-14.505,1,0.332,120.046,4,https://api.spotify.com/v1/tracks/4NzMOnvSJVNKF7nw5NkXIP,audio_features,spotify:track:4NzMOnvSJVNKF7nw5NkXIP,0.196
22,23,Without Me,Halsey,5178223,https://open.spotify.com/track/5p7ujcrUXASCNwRaWNHR1C,5p7ujcrUXASCNwRaWNHR1C,22,0.297,https://api.spotify.com/v1/audio-analysis/5p7ujcrUXASCNwRaWNHR1C,0.752,201661,0.488,5p7ujcrUXASCNwRaWNHR1C,9.11e-06,6,0.0936,-7.05,1,0.0705,136.041,4,https://api.spotify.com/v1/tracks/5p7ujcrUXASCNwRaWNHR1C,audio_features,spotify:track:5p7ujcrUXASCNwRaWNHR1C,0.533
23,24,ZEZE (feat. Travis Scott & Offset),Kodak Black,4992132,https://open.spotify.com/track/0FZ4Dmg8jJJAPJnvBIzD9z,0FZ4Dmg8jJJAPJnvBIzD9z,23,0.0521,https://api.spotify.com/v1/audio-analysis/0FZ4Dmg8jJJAPJnvBIzD9z,0.861,228760,0.603,0FZ4Dmg8jJJAPJnvBIzD9z,0.0,8,0.0924,-5.788,0,0.176,98.043,4,https://api.spotify.com/v1/tracks/0FZ4Dmg8jJJAPJnvBIzD9z,audio_features,spotify:track:0FZ4Dmg8jJJAPJnvBIzD9z,0.504
24,25,Happier,Marshmello,4956696,https://open.spotify.com/track/2dpaYNEQHiRxtZbfNsse99,2dpaYNEQHiRxtZbfNsse99,24,0.191,https://api.spotify.com/v1/audio-analysis/2dpaYNEQHiRxtZbfNsse99,0.687,214290,0.792,2dpaYNEQHiRxtZbfNsse99,0.0,5,0.167,-2.749,1,0.0452,100.015,4,https://api.spotify.com/v1/tracks/2dpaYNEQHiRxtZbfNsse99,audio_features,spotify:track:2dpaYNEQHiRxtZbfNsse99,0.671
25,26,Dancing With A Stranger (with Normani),Sam Smith,4835336,https://open.spotify.com/track/6Qs4SXO9dwPj5GKvVOv8Ki,6Qs4SXO9dwPj5GKvVOv8Ki,25,0.45,https://api.spotify.com/v1/audio-analysis/6Qs4SXO9dwPj5GKvVOv8Ki,0.741,171030,0.52,6Qs4SXO9dwPj5GKvVOv8Ki,1.97e-06,8,0.222,-7.513,1,0.0656,102.998,4,https://api.spotify.com/v1/tracks/6Qs4SXO9dwPj5GKvVOv8Ki,audio_features,spotify:track:6Qs4SXO9dwPj5GKvVOv8Ki,0.347
26,27,"I Canâ€™t Get Enough (benny blanco, Selena Gomez, J Balvin, Tainy)",benny blanco,4609735,https://open.spotify.com/track/1WSGTYKLEpKfNQYYW5Oymt,1WSGTYKLEpKfNQYYW5Oymt,26,0.404,https://api.spotify.com/v1/audio-analysis/1WSGTYKLEpKfNQYYW5Oymt,0.541,158027,0.468,1WSGTYKLEpKfNQYYW5Oymt,3.65e-06,10,0.358,-4.039,0,0.362,95.266,4,https://api.spotify.com/v1/tracks/1WSGTYKLEpKfNQYYW5Oymt,audio_features,spotify:track:1WSGTYKLEpKfNQYYW5Oymt,0.69
27,28,Mixed Personalities (feat. Kanye West),YNW Melly,4564352,https://open.spotify.com/track/6vWEAOUSxohKxhp0K1BsxL,6vWEAOUSxohKxhp0K1BsxL,27,0.457,https://api.spotify.com/v1/audio-analysis/6vWEAOUSxohKxhp0K1BsxL,0.661,230400,0.44,6vWEAOUSxohKxhp0K1BsxL,0.0,2,0.128,-9.104,1,0.0803,149.937,4,https://api.spotify.com/v1/tracks/6vWEAOUSxohKxhp0K1BsxL,audio_features,spotify:track:6vWEAOUSxohKxhp0K1BsxL,0.352
28,29,Mo Bamba,Sheck Wes,4491026,https://open.spotify.com/track/1xzBco0xcoJEDXktl7Jxrr,1xzBco0xcoJEDXktl7Jxrr,28,0.194,https://api.spotify.com/v1/audio-analysis/1xzBco0xcoJEDXktl7Jxrr,0.729,183907,0.625,1xzBco0xcoJEDXktl7Jxrr,0.00986,4,0.248,-5.266,1,0.0315,146.034,4,https://api.spotify.com/v1/tracks/1xzBco0xcoJEDXktl7Jxrr,audio_features,spotify:track:1xzBco0xcoJEDXktl7Jxrr,0.261
29,30,i'm so tired...,Lauv,4444834,https://open.spotify.com/track/7COXchtUOMd6uIT6HvmRaI,7COXchtUOMd6uIT6HvmRaI,29,0.176,https://api.spotify.com/v1/audio-analysis/7COXchtUOMd6uIT6HvmRaI,0.599,162583,0.733,7COXchtUOMd6uIT6HvmRaI,0.0,11,0.242,-7.058,1,0.203,102.211,4,https://api.spotify.com/v1/tracks/7COXchtUOMd6uIT6HvmRaI,audio_features,spotify:track:7COXchtUOMd6uIT6HvmRaI,0.534
30,31,Hear Me Calling,Juice WRLD,4428208,https://open.spotify.com/track/5UYK9MervBCROg8AHNeEIy,5UYK9MervBCROg8AHNeEIy,30,0.417,https://api.spotify.com/v1/audio-analysis/5UYK9MervBCROg8AHNeEIy,0.648,189977,0.701,5UYK9MervBCROg8AHNeEIy,9.9e-06,10,0.103,-3.546,1,0.186,177.943,4,https://api.spotify.com/v1/tracks/5UYK9MervBCROg8AHNeEIy,audio_features,spotify:track:5UYK9MervBCROg8AHNeEIy,0.588
31,32,Lucid Dreams,Juice WRLD,4411008,https://open.spotify.com/track/285pBltuF7vW8TeWk8hdRR,285pBltuF7vW8TeWk8hdRR,31,0.349,https://api.spotify.com/v1/audio-analysis/285pBltuF7vW8TeWk8hdRR,0.511,239836,0.566,285pBltuF7vW8TeWk8hdRR,0.0,6,0.34,-7.23,0,0.2,83.903,4,https://api.spotify.com/v1/tracks/285pBltuF7vW8TeWk8hdRR,audio_features,spotify:track:285pBltuF7vW8TeWk8hdRR,0.218
32,33,Better,Khalid,4280354,https://open.spotify.com/track/6zeeWid2sgw4lap2jV61PZ,6zeeWid2sgw4lap2jV61PZ,32,0.0765,https://api.spotify.com/v1/audio-analysis/6zeeWid2sgw4lap2jV61PZ,0.596,229320,0.552,6zeeWid2sgw4lap2jV61PZ,0.334,0,0.104,-10.278,0,0.097,97.949,4,https://api.spotify.com/v1/tracks/6zeeWid2sgw4lap2jV61PZ,audio_features,spotify:track:6zeeWid2sgw4lap2jV61PZ,0.112
33,34,Red Room,Offset,4275715,https://open.spotify.com/track/4TWflhgevIGo448fWc6mQq,4TWflhgevIGo448fWc6mQq,33,0.479,https://api.spotify.com/v1/audio-analysis/4TWflhgevIGo448fWc6mQq,0.936,241440,0.559,4TWflhgevIGo448fWc6mQq,0.0,7,0.128,-8.587,0,0.157,112.347,4,https://api.spotify.com/v1/tracks/4TWflhgevIGo448fWc6mQq,audio_features,spotify:track:4TWflhgevIGo448fWc6mQq,0.527
34,35,Armed And Dangerous,Juice WRLD,4247258,https://open.spotify.com/track/5wujBwqG7INdStqGd4tRMX,5wujBwqG7INdStqGd4tRMX,34,0.186,https://api.spotify.com/v1/audio-analysis/5wujBwqG7INdStqGd4tRMX,0.736,169999,0.67,5wujBwqG7INdStqGd4tRMX,0.0,10,0.114,-6.702,1,0.311,130.032,4,https://api.spotify.com/v1/tracks/5wujBwqG7INdStqGd4tRMX,audio_features,spotify:track:5wujBwqG7INdStqGd4tRMX,0.845
35,36,NASA,Ariana Grande,4100417,https://open.spotify.com/track/4SPu0Ql902hTVXkBoNIYtq,4SPu0Ql902hTVXkBoNIYtq,35,0.447,https://api.spotify.com/v1/audio-analysis/4SPu0Ql902hTVXkBoNIYtq,0.737,182000,0.461,4SPu0Ql902hTVXkBoNIYtq,0.0,6,0.268,-6.887,1,0.293,75.005,4,https://api.spotify.com/v1/tracks/4SPu0Ql902hTVXkBoNIYtq,audio_features,spotify:track:4SPu0Ql902hTVXkBoNIYtq,0.481
36,37,Eastside (with Halsey & Khalid),benny blanco,4046579,https://open.spotify.com/track/7FGq80cy8juXBCD2nrqdWU,7FGq80cy8juXBCD2nrqdWU,36,0.549,https://api.spotify.com/v1/audio-analysis/7FGq80cy8juXBCD2nrqdWU,0.632,170770,0.686,7FGq80cy8juXBCD2nrqdWU,0.0,6,0.2,-7.665,0,0.243,89.949,4,https://api.spotify.com/v1/tracks/7FGq80cy8juXBCD2nrqdWU,audio_features,spotify:track:7FGq80cy8juXBCD2nrqdWU,0.329
37,38,Wake Up in the Sky,Gucci Mane,4039403,https://open.spotify.com/track/2G1tXoGBaEMJ7FKGnkf6ud,2G1tXoGBaEMJ7FKGnkf6ud,37,0.00381,https://api.spotify.com/v1/audio-analysis/2G1tXoGBaEMJ7FKGnkf6ud,0.8,203161,0.578,2G1tXoGBaEMJ7FKGnkf6ud,0.0,4,0.367,-5.144,0,0.0485,143.01,4,https://api.spotify.com/v1/tracks/2G1tXoGBaEMJ7FKGnkf6ud,audio_features,spotify:track:2G1tXoGBaEMJ7FKGnkf6ud,0.367
38,39,Money,Cardi B,3978680,https://open.spotify.com/track/2GGMabyHXnJmjY6CXhhB2e,2GGMabyHXnJmjY6CXhhB2e,38,0.00534,https://api.spotify.com/v1/audio-analysis/2GGMabyHXnJmjY6CXhhB2e,0.95,183527,0.59,2GGMabyHXnJmjY6CXhhB2e,0.0,8,0.11,-6.508,0,0.29,130.003,4,https://api.spotify.com/v1/tracks/2GGMabyHXnJmjY6CXhhB2e,audio_features,spotify:track:2GGMabyHXnJmjY6CXhhB2e,0.219
39,40,needy,Ariana Grande,3933500,https://open.spotify.com/track/1TEL6MlSSVLSdhOSddidlJ,1TEL6MlSSVLSdhOSddidlJ,39,0.78,https://api.spotify.com/v1/audio-analysis/1TEL6MlSSVLSdhOSddidlJ,0.647,171573,0.309,1TEL6MlSSVLSdhOSddidlJ,7.41e-06,7,0.202,-7.948,0,0.0366,87.045,4,https://api.spotify.com/v1/tracks/1TEL6MlSSVLSdhOSddidlJ,audio_features,spotify:track:1TEL6MlSSVLSdhOSddidlJ,0.195
40,41,Nights Like This (feat. Ty Dolla $ign),Kehlani,3873079,https://open.spotify.com/track/6ZRuF2n1CQxyxxAAWsKJOy,6ZRuF2n1CQxyxxAAWsKJOy,40,0.367,https://api.spotify.com/v1/audio-analysis/6ZRuF2n1CQxyxxAAWsKJOy,0.61,201788,0.725,6ZRuF2n1CQxyxxAAWsKJOy,0.0,8,0.154,-5.131,1,0.15,146.163,4,https://api.spotify.com/v1/tracks/6ZRuF2n1CQxyxxAAWsKJOy,audio_features,spotify:track:6ZRuF2n1CQxyxxAAWsKJOy,0.291
41,42,wish you were gay,Billie Eilish,3851469,https://open.spotify.com/track/4txc3txsIt81diMzGhrVPS,4txc3txsIt81diMzGhrVPS,41,0.39,https://api.spotify.com/v1/audio-analysis/4txc3txsIt81diMzGhrVPS,0.853,221543,0.351,4txc3txsIt81diMzGhrVPS,9.38e-06,7,0.752,-10.198,1,0.241,118.028,4,https://api.spotify.com/v1/tracks/4txc3txsIt81diMzGhrVPS,audio_features,spotify:track:4txc3txsIt81diMzGhrVPS,0.282
42,43,Better Now,Post Malone,3833562,https://open.spotify.com/track/7dt6x5M1jzdTEt8oCbisTK,7dt6x5M1jzdTEt8oCbisTK,42,0.354,https://api.spotify.com/v1/audio-analysis/7dt6x5M1jzdTEt8oCbisTK,0.68,231267,0.563,7dt6x5M1jzdTEt8oCbisTK,0.0,10,0.136,-5.843,1,0.0454,145.028,4,https://api.spotify.com/v1/tracks/7dt6x5M1jzdTEt8oCbisTK,audio_features,spotify:track:7dt6x5M1jzdTEt8oCbisTK,0.374
43,44,SAD!,XXXTENTACION,3805638,https://open.spotify.com/track/3ee8Jmje8o58CHK66QrVC2,3ee8Jmje8o58CHK66QrVC2,43,0.258,https://api.spotify.com/v1/audio-analysis/3ee8Jmje8o58CHK66QrVC2,0.74,166606,0.613,3ee8Jmje8o58CHK66QrVC2,0.00372,8,0.123,-4.88,1,0.145,75.023,4,https://api.spotify.com/v1/tracks/3ee8Jmje8o58CHK66QrVC2,audio_features,spotify:track:3ee8Jmje8o58CHK66QrVC2,0.473
44,45,Legacy (feat. Travis Scott & 21 Savage),Offset,3758949,https://open.spotify.com/track/7pMRoGLEJuFM2wl5pt0R99,7pMRoGLEJuFM2wl5pt0R99,44,0.178,https://api.spotify.com/v1/audio-analysis/7pMRoGLEJuFM2wl5pt0R99,0.844,244941,0.513,7pMRoGLEJuFM2wl5pt0R99,0.0,1,0.0845,-8.769,1,0.335,128.085,4,https://api.spotify.com/v1/tracks/7pMRoGLEJuFM2wl5pt0R99,audio_features,spotify:track:7pMRoGLEJuFM2wl5pt0R99,0.344
45,46,Whip (feat. Travis Scott),2 Chainz,3758393,https://open.spotify.com/track/6Z4rmc0uujCpl8yXe3yjgI,6Z4rmc0uujCpl8yXe3yjgI,45,0.12,https://api.spotify.com/v1/audio-analysis/6Z4rmc0uujCpl8yXe3yjgI,0.793,226600,0.399,6Z4rmc0uujCpl8yXe3yjgI,0.0,7,0.124,-7.428,1,0.0951,121.949,4,https://api.spotify.com/v1/tracks/6Z4rmc0uujCpl8yXe3yjgI,audio_features,spotify:track:6Z4rmc0uujCpl8yXe3yjgI,0.0379
46,47,Leave Me Alone,Flipp Dinero,3715989,https://open.spotify.com/track/14mHfNsSHN0FbLftyjrV9g,14mHfNsSHN0FbLftyjrV9g,46,0.107,https://api.spotify.com/v1/audio-analysis/14mHfNsSHN0FbLftyjrV9g,0.792,195637,0.743,14mHfNsSHN0FbLftyjrV9g,0.0,7,0.183,-2.806,1,0.0851,150.024,4,https://api.spotify.com/v1/tracks/14mHfNsSHN0FbLftyjrV9g,audio_features,spotify:track:14mHfNsSHN0FbLftyjrV9g,0.742
47,48,Bad Girls (feat. Gucci Mane),Lil Skies,3681385,https://open.spotify.com/track/0hCHNYL8ApQCGNwJrYN1FY,0hCHNYL8ApQCGNwJrYN1FY,47,0.208,https://api.spotify.com/v1/audio-analysis/0hCHNYL8ApQCGNwJrYN1FY,0.771,219664,0.761,0hCHNYL8ApQCGNwJrYN1FY,0.0,1,0.091,-4.727,0,0.047,131.01,4,https://api.spotify.com/v1/tracks/0hCHNYL8ApQCGNwJrYN1FY,audio_features,spotify:track:0hCHNYL8ApQCGNwJrYN1FY,0.277
48,49,Envy Me,Calboy,3509752,https://open.spotify.com/track/05t7JMip6JrLuSrMV5yYjX,05t7JMip6JrLuSrMV5yYjX,48,0.282,https://api.spotify.com/v1/audio-analysis/05t7JMip6JrLuSrMV5yYjX,0.556,120137,0.481,05t7JMip6JrLuSrMV5yYjX,0.0,11,0.216,-7.663,1,0.313,149.025,4,https://api.spotify.com/v1/tracks/05t7JMip6JrLuSrMV5yYjX,audio_features,spotify:track:05t7JMip6JrLuSrMV5yYjX,0.581
49,50,Moonlight,XXXTENTACION,3499425,https://open.spotify.com/track/0JP9xo3adEtGSdUEISiszL,0JP9xo3adEtGSdUEISiszL,49,0.556,https://api.spotify.com/v1/audio-analysis/0JP9xo3adEtGSdUEISiszL,0.921,135090,0.537,0JP9xo3adEtGSdUEISiszL,0.00404,9,0.102,-5.723,0,0.0804,128.009,4,https://api.spotify.com/v1/tracks/0JP9xo3adEtGSdUEISiszL,audio_features,spotify:track:0JP9xo3adEtGSdUEISiszL,0.711
50,51,Splashin,Rich The Kid,3440177,https://open.spotify.com/track/79OEIr4J4FHV0O3KrhaXRb,79OEIr4J4FHV0O3KrhaXRb,0,0.00195,https://api.spotify.com/v1/audio-analysis/79OEIr4J4FHV0O3KrhaXRb,0.942,177806,0.383,79OEIr4J4FHV0O3KrhaXRb,0.0,10,0.0922,-8.099,1,0.565,100.021,4,https://api.spotify.com/v1/tracks/79OEIr4J4FHV0O3KrhaXRb,audio_features,spotify:track:79OEIr4J4FHV0O3KrhaXRb,0.38
51,52,Saturday Nights,Khalid,3400017,https://open.spotify.com/track/5kfNriitmkNE8mUbZ7gbq8,5kfNriitmkNE8mUbZ7gbq8,1,0.606,https://api.spotify.com/v1/audio-analysis/5kfNriitmkNE8mUbZ7gbq8,0.551,210667,0.44,5kfNriitmkNE8mUbZ7gbq8,3.02e-05,10,0.11,-8.559,1,0.0985,167.923,4,https://api.spotify.com/v1/tracks/5kfNriitmkNE8mUbZ7gbq8,audio_features,spotify:track:5kfNriitmkNE8mUbZ7gbq8,0.341
52,53,bad idea,Ariana Grande,3334026,https://open.spotify.com/track/7EQpvVujgytLVY8vKiDHAg,7EQpvVujgytLVY8vKiDHAg,2,0.0276,https://api.spotify.com/v1/audio-analysis/7EQpvVujgytLVY8vKiDHAg,0.847,267107,0.58,7EQpvVujgytLVY8vKiDHAg,0.0548,1,0.1,-5.316,1,0.0723,137.995,4,https://api.spotify.com/v1/tracks/7EQpvVujgytLVY8vKiDHAg,audio_features,spotify:track:7EQpvVujgytLVY8vKiDHAg,0.575
53,54,Girls Need Love (with Drake) - Remix,Summer Walker,3296237,https://open.spotify.com/track/0mfCH4nfpshBQR9ueZP5eP,0mfCH4nfpshBQR9ueZP5eP,3,0.443,https://api.spotify.com/v1/audio-analysis/0mfCH4nfpshBQR9ueZP5eP,0.656,222374,0.432,0mfCH4nfpshBQR9ueZP5eP,0.0,6,0.132,-9.481,0,0.217,97.022,4,https://api.spotify.com/v1/tracks/0mfCH4nfpshBQR9ueZP5eP,audio_features,spotify:track:0mfCH4nfpshBQR9ueZP5eP,0.0897
54,55,lovely,Billie Eilish,3207628,https://open.spotify.com/track/1NJcg626wLln4pGHpiV7mf,1NJcg626wLln4pGHpiV7mf,4,0.934,https://api.spotify.com/v1/audio-analysis/1NJcg626wLln4pGHpiV7mf,0.351,200186,0.296,1NJcg626wLln4pGHpiV7mf,0.0,4,0.095,-10.109,0,0.0333,115.284,4,https://api.spotify.com/v1/tracks/1NJcg626wLln4pGHpiV7mf,audio_features,spotify:track:1NJcg626wLln4pGHpiV7mf,0.12
55,56,bloodline,Ariana Grande,3192447,https://open.spotify.com/track/2hloaUoRonYssMuqLCBLTX,2hloaUoRonYssMuqLCBLTX,5,0.0815,https://api.spotify.com/v1/audio-analysis/2hloaUoRonYssMuqLCBLTX,0.758,216893,0.665,2hloaUoRonYssMuqLCBLTX,0.000157,2,0.216,-5.188,0,0.0774,151.976,4,https://api.spotify.com/v1/tracks/2hloaUoRonYssMuqLCBLTX,audio_features,spotify:track:2hloaUoRonYssMuqLCBLTX,0.643
56,57,when the party's over,Billie Eilish,3186157,https://open.spotify.com/track/14JzyD6FlBD5z0wV5P07YI,14JzyD6FlBD5z0wV5P07YI,6,0.979,https://api.spotify.com/v1/audio-analysis/14JzyD6FlBD5z0wV5P07YI,0.498,199931,0.104,14JzyD6FlBD5z0wV5P07YI,7.86e-05,1,0.0895,-14.08,0,0.0621,124.001,3,https://api.spotify.com/v1/tracks/14JzyD6FlBD5z0wV5P07YI,audio_features,spotify:track:14JzyD6FlBD5z0wV5P07YI,0.205
57,58,Rule The World (feat. Ariana Grande),2 Chainz,3169156,https://open.spotify.com/track/1R6VwZ8TuHRzxZUxe88n4I,1R6VwZ8TuHRzxZUxe88n4I,7,0.158,https://api.spotify.com/v1/audio-analysis/1R6VwZ8TuHRzxZUxe88n4I,0.592,245893,0.584,1R6VwZ8TuHRzxZUxe88n4I,2.63e-06,8,0.132,-6.232,0,0.0893,88.073,4,https://api.spotify.com/v1/tracks/1R6VwZ8TuHRzxZUxe88n4I,audio_features,spotify:track:1R6VwZ8TuHRzxZUxe88n4I,0.447
58,59,imagine,Ariana Grande,3164428,https://open.spotify.com/track/39LmTF9RgyakzSYX8txrow,39LmTF9RgyakzSYX8txrow,8,0.378,https://api.spotify.com/v1/audio-analysis/39LmTF9RgyakzSYX8txrow,0.729,212267,0.475,39LmTF9RgyakzSYX8txrow,0.0,8,0.12,-4.985,1,0.0364,62.52,3,https://api.spotify.com/v1/tracks/39LmTF9RgyakzSYX8txrow,audio_features,spotify:track:39LmTF9RgyakzSYX8txrow,0.371
59,60,Space Cadet (feat. Gunna),Metro Boomin,3083917,https://open.spotify.com/track/1fewSx2d5KIZ04wsooEBOz,1fewSx2d5KIZ04wsooEBOz,9,0.368,https://api.spotify.com/v1/audio-analysis/1fewSx2d5KIZ04wsooEBOz,0.901,203267,0.464,1fewSx2d5KIZ04wsooEBOz,1.71e-05,5,0.238,-9.789,0,0.0645,109.004,4,https://api.spotify.com/v1/tracks/1fewSx2d5KIZ04wsooEBOz,audio_features,spotify:track:1fewSx2d5KIZ04wsooEBOz,0.638
60,61,High Hopes,Panic! At The Disco,3069558,https://open.spotify.com/track/1rqqCSm0Qe4I9rUvWncaom,1rqqCSm0Qe4I9rUvWncaom,10,0.193,https://api.spotify.com/v1/audio-analysis/1rqqCSm0Qe4I9rUvWncaom,0.579,190947,0.904,1rqqCSm0Qe4I9rUvWncaom,0.0,5,0.064,-2.729,1,0.0618,82.014,4,https://api.spotify.com/v1/tracks/1rqqCSm0Qe4I9rUvWncaom,audio_features,spotify:track:1rqqCSm0Qe4I9rUvWncaom,0.681
61,62,Bohemian Rhapsody - Remastered 2011,Queen,3040109,https://open.spotify.com/track/7tFiyTwD0nx5a1eklYtX2J,7tFiyTwD0nx5a1eklYtX2J,11,0.254,https://api.spotify.com/v1/audio-analysis/7tFiyTwD0nx5a1eklYtX2J,0.397,354320,0.396,7tFiyTwD0nx5a1eklYtX2J,0.0,3,0.268,-9.91,1,0.05,142.913,4,https://api.spotify.com/v1/tracks/7tFiyTwD0nx5a1eklYtX2J,audio_features,spotify:track:7tFiyTwD0nx5a1eklYtX2J,0.227
62,63,Last Hurrah,Bebe Rexha,2963778,https://open.spotify.com/track/0i0wnv9UoFdZ5MfuFGQzMy,0i0wnv9UoFdZ5MfuFGQzMy,12,0.175,https://api.spotify.com/v1/audio-analysis/0i0wnv9UoFdZ5MfuFGQzMy,0.514,150333,0.618,0i0wnv9UoFdZ5MfuFGQzMy,0.0,11,0.117,-4.585,0,0.0317,84.259,4,https://api.spotify.com/v1/tracks/0i0wnv9UoFdZ5MfuFGQzMy,audio_features,spotify:track:0i0wnv9UoFdZ5MfuFGQzMy,0.401
63,64,Let Me Down Slowly,Alec Benjamin,2935712,https://open.spotify.com/track/2qxmye6gAegTMjLKEBoR3d,2qxmye6gAegTMjLKEBoR3d,13,0.74,https://api.spotify.com/v1/audio-analysis/2qxmye6gAegTMjLKEBoR3d,0.652,169354,0.557,2qxmye6gAegTMjLKEBoR3d,0.0,1,0.124,-5.714,0,0.0318,150.073,4,https://api.spotify.com/v1/tracks/2qxmye6gAegTMjLKEBoR3d,audio_features,spotify:track:2qxmye6gAegTMjLKEBoR3d,0.483
64,65,Who Do You Love (with 5 Seconds of Summer),The Chainsmokers,2929277,https://open.spotify.com/track/11cDEev79fPKi6uJCjUhu8,11cDEev79fPKi6uJCjUhu8,14,0.00791,https://api.spotify.com/v1/audio-analysis/11cDEev79fPKi6uJCjUhu8,0.51,226747,0.835,11cDEev79fPKi6uJCjUhu8,0.0,3,0.219,-4.673,1,0.0447,140.024,4,https://api.spotify.com/v1/tracks/11cDEev79fPKi6uJCjUhu8,audio_features,spotify:track:11cDEev79fPKi6uJCjUhu8,0.435
65,66,rockstar (feat. 21 Savage),Post Malone,2927721,https://open.spotify.com/track/0e7ipj03S05BNilyu5bRzt,0e7ipj03S05BNilyu5bRzt,15,0.117,https://api.spotify.com/v1/audio-analysis/0e7ipj03S05BNilyu5bRzt,0.587,218147,0.535,0e7ipj03S05BNilyu5bRzt,6.56e-05,5,0.131,-6.09,0,0.0898,159.847,4,https://api.spotify.com/v1/tracks/0e7ipj03S05BNilyu5bRzt,audio_features,spotify:track:0e7ipj03S05BNilyu5bRzt,0.14
66,67,Pure Cocaine,Lil Baby,2904391,https://open.spotify.com/track/577YBGuskWkVDCxZrLRB4v,577YBGuskWkVDCxZrLRB4v,16,0.00127,https://api.spotify.com/v1/audio-analysis/577YBGuskWkVDCxZrLRB4v,0.964,154024,0.487,577YBGuskWkVDCxZrLRB4v,6.57e-06,10,0.115,-6.071,0,0.421,127.05,4,https://api.spotify.com/v1/tracks/577YBGuskWkVDCxZrLRB4v,audio_features,spotify:track:577YBGuskWkVDCxZrLRB4v,0.107
67,68,Jocelyn Flores,XXXTENTACION,2890238,https://open.spotify.com/track/7m9OqQk4RVRkw9JJdeAw96,7m9OqQk4RVRkw9JJdeAw96,17,0.469,https://api.spotify.com/v1/audio-analysis/7m9OqQk4RVRkw9JJdeAw96,0.872,119133,0.391,7m9OqQk4RVRkw9JJdeAw96,4.13e-06,0,0.297,-9.144,0,0.242,134.021,4,https://api.spotify.com/v1/tracks/7m9OqQk4RVRkw9JJdeAw96,audio_features,spotify:track:7m9OqQk4RVRkw9JJdeAw96,0.437
68,69,Startender (feat. Offset and Tyga),A Boogie Wit da Hoodie,2886263,https://open.spotify.com/track/0jAfdqv18goRTUxm3ilRjb,0jAfdqv18goRTUxm3ilRjb,18,0.0235,https://api.spotify.com/v1/audio-analysis/0jAfdqv18goRTUxm3ilRjb,0.736,192779,0.622,0jAfdqv18goRTUxm3ilRjb,0.0,6,0.151,-4.653,0,0.133,191.971,4,https://api.spotify.com/v1/tracks/0jAfdqv18goRTUxm3ilRjb,audio_features,spotify:track:0jAfdqv18goRTUxm3ilRjb,0.506
69,70,Faucet Failure,Ski Mask The Slump God,2877917,https://open.spotify.com/track/1ThmUihH9dF8EV08ku5AXN,1ThmUihH9dF8EV08ku5AXN,19,0.111,https://api.spotify.com/v1/audio-analysis/1ThmUihH9dF8EV08ku5AXN,0.935,145627,0.552,1ThmUihH9dF8EV08ku5AXN,0.0,10,0.0952,-9.373,0,0.335,99.993,4,https://api.spotify.com/v1/tracks/1ThmUihH9dF8EV08ku5AXN,audio_features,spotify:track:1ThmUihH9dF8EV08ku5AXN,0.615
70,71,MIA (feat. Drake),Bad Bunny,2869577,https://open.spotify.com/track/116H0KvKr2Zl4RPuVBruDO,116H0KvKr2Zl4RPuVBruDO,20,0.0141,https://api.spotify.com/v1/audio-analysis/116H0KvKr2Zl4RPuVBruDO,0.817,210368,0.539,116H0KvKr2Zl4RPuVBruDO,0.000496,6,0.099,-6.349,0,0.0621,97.062,4,https://api.spotify.com/v1/tracks/116H0KvKr2Zl4RPuVBruDO,audio_features,spotify:track:116H0KvKr2Zl4RPuVBruDO,0.158
71,72,Sweet but Psycho,Ava Max,2858177,https://open.spotify.com/track/25sgk305KZfyuqVBQIahim,25sgk305KZfyuqVBQIahim,21,0.0691,https://api.spotify.com/v1/audio-analysis/25sgk305KZfyuqVBQIahim,0.719,187436,0.704,25sgk305KZfyuqVBQIahim,0.0,1,0.166,-4.724,1,0.0476,133.002,4,https://api.spotify.com/v1/tracks/25sgk305KZfyuqVBQIahim,audio_features,spotify:track:25sgk305KZfyuqVBQIahim,0.628
72,73,fake smile,Ariana Grande,2833688,https://open.spotify.com/track/3wFLWP0FcIqHK1wb1CPthQ,3wFLWP0FcIqHK1wb1CPthQ,22,0.329,https://api.spotify.com/v1/audio-analysis/3wFLWP0FcIqHK1wb1CPthQ,0.45,208880,0.619,3wFLWP0FcIqHK1wb1CPthQ,0.0,9,0.319,-7.412,1,0.372,83.3,4,https://api.spotify.com/v1/tracks/3wFLWP0FcIqHK1wb1CPthQ,audio_features,spotify:track:3wFLWP0FcIqHK1wb1CPthQ,0.427
73,74,Con Calma,Daddy Yankee,2829934,https://open.spotify.com/track/5w9c2J52mkdntKOmRLeM2m,5w9c2J52mkdntKOmRLeM2m,23,0.11,https://api.spotify.com/v1/audio-analysis/5w9c2J52mkdntKOmRLeM2m,0.737,193227,0.86,5w9c2J52mkdntKOmRLeM2m,1.94e-06,8,0.0574,-2.652,0,0.0593,93.989,4,https://api.spotify.com/v1/tracks/5w9c2J52mkdntKOmRLeM2m,audio_features,spotify:track:5w9c2J52mkdntKOmRLeM2m,0.656
74,75,Calling My Spirit,Kodak Black,2818520,https://open.spotify.com/track/2MShy1GSSgbmGUxADNIao5,2MShy1GSSgbmGUxADNIao5,24,0.0996,https://api.spotify.com/v1/audio-analysis/2MShy1GSSgbmGUxADNIao5,0.91,152000,0.366,2MShy1GSSgbmGUxADNIao5,0.0,1,0.261,-9.954,1,0.0941,119.985,4,https://api.spotify.com/v1/tracks/2MShy1GSSgbmGUxADNIao5,audio_features,spotify:track:2MShy1GSSgbmGUxADNIao5,0.74
75,76,Taste (feat. Offset),Tyga,2743732,https://open.spotify.com/track/5IaHrVsrferBYDm0bDyABy,5IaHrVsrferBYDm0bDyABy,25,0.0236,https://api.spotify.com/v1/audio-analysis/5IaHrVsrferBYDm0bDyABy,0.884,232959,0.559,5IaHrVsrferBYDm0bDyABy,0.0,0,0.101,-7.442,1,0.12,97.994,4,https://api.spotify.com/v1/tracks/5IaHrVsrferBYDm0bDyABy,audio_features,spotify:track:5IaHrVsrferBYDm0bDyABy,0.342
76,77,Nonstop,Drake,2735034,https://open.spotify.com/track/0TlLq3lA83rQOYtrqBqSct,0TlLq3lA83rQOYtrqBqSct,26,0.0164,https://api.spotify.com/v1/audio-analysis/0TlLq3lA83rQOYtrqBqSct,0.912,238614,0.412,0TlLq3lA83rQOYtrqBqSct,0.013,7,0.104,-8.074,1,0.124,154.983,4,https://api.spotify.com/v1/tracks/0TlLq3lA83rQOYtrqBqSct,audio_features,spotify:track:0TlLq3lA83rQOYtrqBqSct,0.422
77,78,All Girls Are The Same,Juice WRLD,2711728,https://open.spotify.com/track/4VXIryQMWpIdGgYR4TrjT1,4VXIryQMWpIdGgYR4TrjT1,27,0.0769,https://api.spotify.com/v1/audio-analysis/4VXIryQMWpIdGgYR4TrjT1,0.671,165820,0.529,4VXIryQMWpIdGgYR4TrjT1,0.000335,0,0.0856,-7.226,1,0.307,161.989,4,https://api.spotify.com/v1/tracks/4VXIryQMWpIdGgYR4TrjT1,audio_features,spotify:track:4VXIryQMWpIdGgYR4TrjT1,0.203
78,79,I Like It,Cardi B,2685307,https://open.spotify.com/track/58q2HKrzhC3ozto2nDdN4z,58q2HKrzhC3ozto2nDdN4z,28,0.099,https://api.spotify.com/v1/audio-analysis/58q2HKrzhC3ozto2nDdN4z,0.816,253390,0.726,58q2HKrzhC3ozto2nDdN4z,0.0,5,0.372,-3.998,0,0.129,136.048,4,https://api.spotify.com/v1/tracks/58q2HKrzhC3ozto2nDdN4z,audio_features,spotify:track:58q2HKrzhC3ozto2nDdN4z,0.65
79,80,Almeda,Solange,2663610,https://open.spotify.com/track/6IAgarq2wDeYzpsY2Kx0Hw,6IAgarq2wDeYzpsY2Kx0Hw,29,0.0227,https://api.spotify.com/v1/audio-analysis/6IAgarq2wDeYzpsY2Kx0Hw,0.827,236120,0.553,6IAgarq2wDeYzpsY2Kx0Hw,1.52e-05,1,0.176,-5.296,1,0.032,110.015,4,https://api.spotify.com/v1/tracks/6IAgarq2wDeYzpsY2Kx0Hw,audio_features,spotify:track:6IAgarq2wDeYzpsY2Kx0Hw,0.0631
80,81,Almost (Sweet Music),Hozier,2658583,https://open.spotify.com/track/6UTmrvq4nRmx1iQ6iMd1FD,6UTmrvq4nRmx1iQ6iMd1FD,30,0.0215,https://api.spotify.com/v1/audio-analysis/6UTmrvq4nRmx1iQ6iMd1FD,0.523,217480,0.687,6UTmrvq4nRmx1iQ6iMd1FD,2.86e-06,7,0.203,-5.601,1,0.105,90.036,4,https://api.spotify.com/v1/tracks/6UTmrvq4nRmx1iQ6iMd1FD,audio_features,spotify:track:6UTmrvq4nRmx1iQ6iMd1FD,0.711
81,82,Be Alright,Dean Lewis,2631099,https://open.spotify.com/track/3EPXxR3ImUwfayaurPi3cm,3EPXxR3ImUwfayaurPi3cm,31,0.697,https://api.spotify.com/v1/audio-analysis/3EPXxR3ImUwfayaurPi3cm,0.553,196373,0.586,3EPXxR3ImUwfayaurPi3cm,0.0,11,0.0813,-6.319,1,0.0362,126.684,4,https://api.spotify.com/v1/tracks/3EPXxR3ImUwfayaurPi3cm,audio_features,spotify:track:3EPXxR3ImUwfayaurPi3cm,0.443
82,83,I Fall Apart,Post Malone,2626496,https://open.spotify.com/track/75ZvA4QfFiZvzhj2xkaWAh,75ZvA4QfFiZvzhj2xkaWAh,32,0.0689,https://api.spotify.com/v1/audio-analysis/75ZvA4QfFiZvzhj2xkaWAh,0.556,223347,0.538,75ZvA4QfFiZvzhj2xkaWAh,0.0,8,0.196,-5.408,0,0.0382,143.95,4,https://api.spotify.com/v1/tracks/75ZvA4QfFiZvzhj2xkaWAh,audio_features,spotify:track:75ZvA4QfFiZvzhj2xkaWAh,0.291
83,84,Noticed,Lil Mosey,2610909,https://open.spotify.com/track/6JQvHMSaR8flFsN53ypOfP,6JQvHMSaR8flFsN53ypOfP,33,0.462,https://api.spotify.com/v1/audio-analysis/6JQvHMSaR8flFsN53ypOfP,0.699,165000,0.558,6JQvHMSaR8flFsN53ypOfP,0.0,11,0.116,-7.622,1,0.0603,79.992,4,https://api.spotify.com/v1/tracks/6JQvHMSaR8flFsN53ypOfP,audio_features,spotify:track:6JQvHMSaR8flFsN53ypOfP,0.493
84,85,Yes Indeed,Lil Baby,2606963,https://open.spotify.com/track/6vN77lE9LK6HP2DewaN6HZ,6vN77lE9LK6HP2DewaN6HZ,34,0.035,https://api.spotify.com/v1/audio-analysis/6vN77lE9LK6HP2DewaN6HZ,0.964,142273,0.346,6vN77lE9LK6HP2DewaN6HZ,0.0,5,0.108,-9.309,0,0.53,119.958,4,https://api.spotify.com/v1/tracks/6vN77lE9LK6HP2DewaN6HZ,audio_features,spotify:track:6vN77lE9LK6HP2DewaN6HZ,0.562
85,86,Old Town Road,Lil Nas X,2590255,https://open.spotify.com/track/2pMl9Sx4glsuk5ikZtFBtX,2pMl9Sx4glsuk5ikZtFBtX,35,0.0365,https://api.spotify.com/v1/audio-analysis/2pMl9Sx4glsuk5ikZtFBtX,0.909,113006,0.517,2pMl9Sx4glsuk5ikZtFBtX,1.73e-06,1,0.0949,-6.063,1,0.129,136.012,4,https://api.spotify.com/v1/tracks/2pMl9Sx4glsuk5ikZtFBtX,audio_features,spotify:track:2pMl9Sx4glsuk5ikZtFBtX,0.471
86,87,"Thotiana (feat. Cardi B, YG) [Remix]",Blueface,2584359,https://open.spotify.com/track/1JkrD47SDpAbyvqKtolcea,1JkrD47SDpAbyvqKtolcea,36,0.0364,https://api.spotify.com/v1/audio-analysis/1JkrD47SDpAbyvqKtolcea,0.911,297546,0.721,1JkrD47SDpAbyvqKtolcea,0.0,10,0.111,-4.833,0,0.28,104.11,4,https://api.spotify.com/v1/tracks/1JkrD47SDpAbyvqKtolcea,audio_features,spotify:track:1JkrD47SDpAbyvqKtolcea,0.69
87,88,Ric Flair Drip (& Metro Boomin),Offset,2545723,https://open.spotify.com/track/7sO5G9EABYOXQKNPNiE9NR,7sO5G9EABYOXQKNPNiE9NR,37,0.149,https://api.spotify.com/v1/audio-analysis/7sO5G9EABYOXQKNPNiE9NR,0.88,172800,0.428,7sO5G9EABYOXQKNPNiE9NR,5.07e-05,9,0.114,-8.28,1,0.206,100.007,4,https://api.spotify.com/v1/tracks/7sO5G9EABYOXQKNPNiE9NR,audio_features,spotify:track:7sO5G9EABYOXQKNPNiE9NR,0.333
88,89,Psycho (feat. Ty Dolla $ign),Post Malone,2536131,https://open.spotify.com/track/3swc6WTsr7rl9DqQKQA55C,3swc6WTsr7rl9DqQKQA55C,38,0.58,https://api.spotify.com/v1/audio-analysis/3swc6WTsr7rl9DqQKQA55C,0.739,221440,0.559,3swc6WTsr7rl9DqQKQA55C,0.0,8,0.112,-8.011,1,0.117,140.124,4,https://api.spotify.com/v1/tracks/3swc6WTsr7rl9DqQKQA55C,audio_features,spotify:track:3swc6WTsr7rl9DqQKQA55C,0.439
89,90,idontwannabeyouanymore,Billie Eilish,2498560,https://open.spotify.com/track/40T5GIqQ1CegGm2PTEl8Bu,40T5GIqQ1CegGm2PTEl8Bu,39,0.737,https://api.spotify.com/v1/audio-analysis/40T5GIqQ1CegGm2PTEl8Bu,0.483,203569,0.412,40T5GIqQ1CegGm2PTEl8Bu,0.0,7,0.116,-8.461,1,0.0402,170.163,3,https://api.spotify.com/v1/tracks/40T5GIqQ1CegGm2PTEl8Bu,audio_features,spotify:track:40T5GIqQ1CegGm2PTEl8Bu,0.247
90,91,ghostin,Ariana Grande,2493476,https://open.spotify.com/track/4lD7gHKF1e8Y9stQuVezZB,4lD7gHKF1e8Y9stQuVezZB,40,0.422,https://api.spotify.com/v1/audio-analysis/4lD7gHKF1e8Y9stQuVezZB,0.396,271467,0.358,4lD7gHKF1e8Y9stQuVezZB,1.71e-05,9,0.19,-8.294,1,0.0292,103.807,4,https://api.spotify.com/v1/tracks/4lD7gHKF1e8Y9stQuVezZB,audio_features,spotify:track:4lD7gHKF1e8Y9stQuVezZB,0.111
91,92,"Taki Taki (with Selena Gomez, Ozuna & Cardi B)",DJ Snake,2442094,https://open.spotify.com/track/4w8niZpiMy6qz1mntFA5uM,4w8niZpiMy6qz1mntFA5uM,41,0.153,https://api.spotify.com/v1/audio-analysis/4w8niZpiMy6qz1mntFA5uM,0.841,212500,0.798,4w8niZpiMy6qz1mntFA5uM,3.33e-06,1,0.0618,-4.206,0,0.229,95.948,4,https://api.spotify.com/v1/tracks/4w8niZpiMy6qz1mntFA5uM,audio_features,spotify:track:4w8niZpiMy6qz1mntFA5uM,0.591
92,93,Fuck Love (feat. Trippie Redd),XXXTENTACION,2437210,https://open.spotify.com/track/7AQim7LbvFVZJE3O8TYgf2,7AQim7LbvFVZJE3O8TYgf2,42,0.0172,https://api.spotify.com/v1/audio-analysis/7AQim7LbvFVZJE3O8TYgf2,0.797,146520,0.533,7AQim7LbvFVZJE3O8TYgf2,0.000152,0,0.103,-9.74,0,0.0412,131.036,4,https://api.spotify.com/v1/tracks/7AQim7LbvFVZJE3O8TYgf2,audio_features,spotify:track:7AQim7LbvFVZJE3O8TYgf2,0.329
93,94,Momma I Hit A Lick (feat. Kendrick Lamar),2 Chainz,2427750,https://open.spotify.com/track/7jKUnzzOGhAlPjr7LkIUlE,7jKUnzzOGhAlPjr7LkIUlE,43,0.202,https://api.spotify.com/v1/audio-analysis/7jKUnzzOGhAlPjr7LkIUlE,0.796,173760,0.467,7jKUnzzOGhAlPjr7LkIUlE,3.32e-05,11,0.206,-6.293,1,0.34,179.974,3,https://api.spotify.com/v1/tracks/7jKUnzzOGhAlPjr7LkIUlE,audio_features,spotify:track:7jKUnzzOGhAlPjr7LkIUlE,0.4
94,95,Nuketown (feat. Juice WRLD),Ski Mask The Slump God,2416140,https://open.spotify.com/track/74lnM5V6ecvoTPV0fvptx9,74lnM5V6ecvoTPV0fvptx9,44,0.113,https://api.spotify.com/v1/audio-analysis/74lnM5V6ecvoTPV0fvptx9,0.808,166400,0.617,74lnM5V6ecvoTPV0fvptx9,0.0,10,0.734,-9.32,0,0.442,149.962,4,https://api.spotify.com/v1/tracks/74lnM5V6ecvoTPV0fvptx9,audio_features,spotify:track:74lnM5V6ecvoTPV0fvptx9,0.632
95,96,Youngblood,5 Seconds of Summer,2392988,https://open.spotify.com/track/2iUXsYOEPhVqEBwsqP70rE,2iUXsYOEPhVqEBwsqP70rE,45,0.0169,https://api.spotify.com/v1/audio-analysis/2iUXsYOEPhVqEBwsqP70rE,0.596,203418,0.854,2iUXsYOEPhVqEBwsqP70rE,0.0,7,0.124,-5.114,0,0.463,120.274,4,https://api.spotify.com/v1/tracks/2iUXsYOEPhVqEBwsqP70rE,audio_features,spotify:track:2iUXsYOEPhVqEBwsqP70rE,0.152
96,97,Don't Call Me Up,Mabel,2343906,https://open.spotify.com/track/5WHTFyqSii0lmT9R21abT8,5WHTFyqSii0lmT9R21abT8,46,0.296,https://api.spotify.com/v1/audio-analysis/5WHTFyqSii0lmT9R21abT8,0.674,178480,0.881,5WHTFyqSii0lmT9R21abT8,3.01e-06,9,0.0793,-2.853,1,0.147,98.994,4,https://api.spotify.com/v1/tracks/5WHTFyqSii0lmT9R21abT8,audio_features,spotify:track:5WHTFyqSii0lmT9R21abT8,0.234
97,98,Keanu Reeves,Logic,2333745,https://open.spotify.com/track/25F6MWrnFBCXVnpN4n76EK,25F6MWrnFBCXVnpN4n76EK,47,0.0591,https://api.spotify.com/v1/audio-analysis/25F6MWrnFBCXVnpN4n76EK,0.71,225987,0.888,25F6MWrnFBCXVnpN4n76EK,0.0,2,0.134,-6.457,1,0.235,170.193,4,https://api.spotify.com/v1/tracks/25F6MWrnFBCXVnpN4n76EK,audio_features,spotify:track:25F6MWrnFBCXVnpN4n76EK,0.816
98,99,Roses (with Juice WRLD feat. Brendon Urie),benny blanco,2331580,https://open.spotify.com/track/1KVczjazCcCCgM3gXXUl47,1KVczjazCcCCgM3gXXUl47,48,0.168,https://api.spotify.com/v1/audio-analysis/1KVczjazCcCCgM3gXXUl47,0.612,223543,0.601,1KVczjazCcCCgM3gXXUl47,0.0,8,0.117,-7.089,1,0.164,147.018,4,https://api.spotify.com/v1/tracks/1KVczjazCcCCgM3gXXUl47,audio_features,spotify:track:1KVczjazCcCCgM3gXXUl47,0.525
99,100,Secreto,Anuel Aa,2317922,https://open.spotify.com/track/5W83ErFkO3aKAIS1WMi6u0,5W83ErFkO3aKAIS1WMi6u0,49,0.602,https://api.spotify.com/v1/audio-analysis/5W83ErFkO3aKAIS1WMi6u0,0.807,258800,0.803,5W83ErFkO3aKAIS1WMi6u0,0.00853,11,0.136,-4.156,1,0.126,91.987,4,https://api.spotify.com/v1/tracks/5W83ErFkO3aKAIS1WMi6u0,audio_features,spotify:track:5W83ErFkO3aKAIS1WMi6u0,0.706
100,101,11 Minutes (with Halsey feat. Travis Barker),YUNGBLUD,2305087,https://open.spotify.com/track/4mGdjNMo0RonTlOEb7cYg4,4mGdjNMo0RonTlOEb7cYg4,0,0.0116,https://api.spotify.com/v1/audio-analysis/4mGdjNMo0RonTlOEb7cYg4,0.464,239507,0.852,4mGdjNMo0RonTlOEb7cYg4,0.0,11,0.108,-3.804,1,0.067,160.075,4,https://api.spotify.com/v1/tracks/4mGdjNMo0RonTlOEb7cYg4,audio_features,spotify:track:4mGdjNMo0RonTlOEb7cYg4,0.233
101,102,Don't Stop Me Now - Remastered,Queen,2299092,https://open.spotify.com/track/5T8EDUDqKcs6OSOwEsfqG7,5T8EDUDqKcs6OSOwEsfqG7,1,0.0475,https://api.spotify.com/v1/audio-analysis/5T8EDUDqKcs6OSOwEsfqG7,0.559,209413,0.868,5T8EDUDqKcs6OSOwEsfqG7,0.000176,5,0.776,-5.276,1,0.17,156.295,4,https://api.spotify.com/v1/tracks/5T8EDUDqKcs6OSOwEsfqG7,audio_features,spotify:track:5T8EDUDqKcs6OSOwEsfqG7,0.609
102,103,Nowadays Pt. 2 (feat. Landon Cube),Lil Skies,2295040,https://open.spotify.com/track/0Goo25lbtpwor5vb0K2r21,0Goo25lbtpwor5vb0K2r21,2,0.0836,https://api.spotify.com/v1/audio-analysis/0Goo25lbtpwor5vb0K2r21,0.687,221153,0.829,0Goo25lbtpwor5vb0K2r21,0.0,4,0.0986,-3.607,0,0.0298,152.059,4,https://api.spotify.com/v1/tracks/0Goo25lbtpwor5vb0K2r21,audio_features,spotify:track:0Goo25lbtpwor5vb0K2r21,0.349
103,104,Look Alive (feat. Drake),BlocBoy JB,2277046,https://open.spotify.com/track/4qKcDkK6siZ7Jp1Jb4m0aL,4qKcDkK6siZ7Jp1Jb4m0aL,3,0.00104,https://api.spotify.com/v1/audio-analysis/4qKcDkK6siZ7Jp1Jb4m0aL,0.922,181263,0.581,4qKcDkK6siZ7Jp1Jb4m0aL,5.86e-05,10,0.105,-7.495,1,0.27,140.022,4,https://api.spotify.com/v1/tracks/4qKcDkK6siZ7Jp1Jb4m0aL,audio_features,spotify:track:4qKcDkK6siZ7Jp1Jb4m0aL,0.595
104,105,Best Part (feat. Daniel Caesar),H.E.R.,2273606,https://open.spotify.com/track/4OBZT9EnhYIV17t4pGw7ig,4OBZT9EnhYIV17t4pGw7ig,4,0.795,https://api.spotify.com/v1/audio-analysis/4OBZT9EnhYIV17t4pGw7ig,0.473,209400,0.371,4OBZT9EnhYIV17t4pGw7ig,0.0,4,0.109,-10.219,0,0.0405,75.208,4,https://api.spotify.com/v1/tracks/4OBZT9EnhYIV17t4pGw7ig,audio_features,spotify:track:4OBZT9EnhYIV17t4pGw7ig,0.413
105,106,God's Plan,Drake,2255240,https://open.spotify.com/track/6DCZcSspjsKoFjzjrWoCdn,6DCZcSspjsKoFjzjrWoCdn,5,0.0332,https://api.spotify.com/v1/audio-analysis/6DCZcSspjsKoFjzjrWoCdn,0.754,198973,0.449,6DCZcSspjsKoFjzjrWoCdn,8.29e-05,7,0.552,-9.211,1,0.109,77.169,4,https://api.spotify.com/v1/tracks/6DCZcSspjsKoFjzjrWoCdn,audio_features,spotify:track:6DCZcSspjsKoFjzjrWoCdn,0.357
106,107,Bleed It,Blueface,2245981,https://open.spotify.com/track/67fNrBUMc7iWMofdCaoJV9,67fNrBUMc7iWMofdCaoJV9,6,0.221,https://api.spotify.com/v1/audio-analysis/67fNrBUMc7iWMofdCaoJV9,0.845,145520,0.76,67fNrBUMc7iWMofdCaoJV9,0.0,1,0.107,-6.007,0,0.357,101.865,4,https://api.spotify.com/v1/tracks/67fNrBUMc7iWMofdCaoJV9,audio_features,spotify:track:67fNrBUMc7iWMofdCaoJV9,0.558
107,108,in my head,Ariana Grande,2229800,https://open.spotify.com/track/4T652DlATVHe0jdLKaN3Bw,4T652DlATVHe0jdLKaN3Bw,7,0.173,https://api.spotify.com/v1/audio-analysis/4T652DlATVHe0jdLKaN3Bw,0.662,222947,0.6,4T652DlATVHe0jdLKaN3Bw,0.000137,0,0.109,-6.402,1,0.0703,134.979,4,https://api.spotify.com/v1/tracks/4T652DlATVHe0jdLKaN3Bw,audio_features,spotify:track:4T652DlATVHe0jdLKaN3Bw,0.331
108,109,10 Freaky Girls (with 21 Savage),Metro Boomin,2212113,https://open.spotify.com/track/0AluA5RNsa4Cx6XRhf2hWZ,0AluA5RNsa4Cx6XRhf2hWZ,8,0.588,https://api.spotify.com/v1/audio-analysis/0AluA5RNsa4Cx6XRhf2hWZ,0.81,208293,0.353,0AluA5RNsa4Cx6XRhf2hWZ,0.0,6,0.102,-9.931,0,0.31,88.031,4,https://api.spotify.com/v1/tracks/0AluA5RNsa4Cx6XRhf2hWZ,audio_features,spotify:track:0AluA5RNsa4Cx6XRhf2hWZ,0.0727
109,110,Fine China,Future,2211329,https://open.spotify.com/track/5274I4mUMnYczyeXkGDWZN,5274I4mUMnYczyeXkGDWZN,9,0.0484,https://api.spotify.com/v1/audio-analysis/5274I4mUMnYczyeXkGDWZN,0.656,141587,0.542,5274I4mUMnYczyeXkGDWZN,0.0,7,0.126,-7.358,1,0.323,166.111,4,https://api.spotify.com/v1/tracks/5274I4mUMnYczyeXkGDWZN,audio_features,spotify:track:5274I4mUMnYczyeXkGDWZN,0.551
110,111,changes,XXXTENTACION,2211106,https://open.spotify.com/track/7AFASza1mXqntmGtbxXprO,7AFASza1mXqntmGtbxXprO,10,0.883,https://api.spotify.com/v1/audio-analysis/7AFASza1mXqntmGtbxXprO,0.669,121887,0.308,7AFASza1mXqntmGtbxXprO,0.0,11,0.0984,-10.068,1,0.029,64.934,4,https://api.spotify.com/v1/tracks/7AFASza1mXqntmGtbxXprO,audio_features,spotify:track:7AFASza1mXqntmGtbxXprO,0.52
111,112,Burnin' Up,Jonas Brothers,2203498,https://open.spotify.com/track/68r3esIMdWpIeZqWZQDnfY,68r3esIMdWpIeZqWZQDnfY,11,0.0258,https://api.spotify.com/v1/audio-analysis/68r3esIMdWpIeZqWZQDnfY,0.665,175347,0.948,68r3esIMdWpIeZqWZQDnfY,0.0,2,0.378,-3.387,1,0.0881,114.012,4,https://api.spotify.com/v1/tracks/68r3esIMdWpIeZqWZQDnfY,audio_features,spotify:track:68r3esIMdWpIeZqWZQDnfY,0.841
112,113,Close To Me (with Diplo) (feat. Swae Lee),Ellie Goulding,2198407,https://open.spotify.com/track/5JEx7HbmvHQQswJCsoo9rA,5JEx7HbmvHQQswJCsoo9rA,12,0.0969,https://api.spotify.com/v1/audio-analysis/5JEx7HbmvHQQswJCsoo9rA,0.574,182623,0.758,5JEx7HbmvHQQswJCsoo9rA,0.0,1,0.395,-5.029,0,0.0621,144.111,4,https://api.spotify.com/v1/tracks/5JEx7HbmvHQQswJCsoo9rA,audio_features,spotify:track:5JEx7HbmvHQQswJCsoo9rA,0.492
113,114,Lean Wit Me,Juice WRLD,2190192,https://open.spotify.com/track/3oDkdAySo1VQQG0ptV7uwa,3oDkdAySo1VQQG0ptV7uwa,13,0.0414,https://api.spotify.com/v1/audio-analysis/3oDkdAySo1VQQG0ptV7uwa,0.665,175755,0.651,3oDkdAySo1VQQG0ptV7uwa,0.0,1,0.0896,-5.515,1,0.156,163.935,4,https://api.spotify.com/v1/tracks/3oDkdAySo1VQQG0ptV7uwa,audio_features,spotify:track:3oDkdAySo1VQQG0ptV7uwa,0.237
114,115,YOSEMITE,Travis Scott,2170635,https://open.spotify.com/track/7lAK3oHbfEnvUQWosrMMpR,7lAK3oHbfEnvUQWosrMMpR,14,0.283,https://api.spotify.com/v1/audio-analysis/7lAK3oHbfEnvUQWosrMMpR,0.785,150043,0.554,7lAK3oHbfEnvUQWosrMMpR,3.4e-06,0,0.116,-6.571,1,0.0409,128.047,4,https://api.spotify.com/v1/tracks/7lAK3oHbfEnvUQWosrMMpR,audio_features,spotify:track:7lAK3oHbfEnvUQWosrMMpR,0.144
115,116,I Like Me Better,Lauv,2170246,https://open.spotify.com/track/2P91MQbaiQOfbiz9VqhqKQ,2P91MQbaiQOfbiz9VqhqKQ,15,0.535,https://api.spotify.com/v1/audio-analysis/2P91MQbaiQOfbiz9VqhqKQ,0.752,197437,0.505,2P91MQbaiQOfbiz9VqhqKQ,2.55e-06,9,0.104,-7.621,1,0.253,91.97,4,https://api.spotify.com/v1/tracks/2P91MQbaiQOfbiz9VqhqKQ,audio_features,spotify:track:2P91MQbaiQOfbiz9VqhqKQ,0.419
116,117,Baila Baila Baila,Ozuna,2161582,https://open.spotify.com/track/7uH27oIt4a6cIFCA8ZPcyG,7uH27oIt4a6cIFCA8ZPcyG,16,0.0361,https://api.spotify.com/v1/audio-analysis/7uH27oIt4a6cIFCA8ZPcyG,0.816,158400,0.754,7uH27oIt4a6cIFCA8ZPcyG,0.0,11,0.217,-2.75,0,0.111,99.966,4,https://api.spotify.com/v1/tracks/7uH27oIt4a6cIFCA8ZPcyG,audio_features,spotify:track:7uH27oIt4a6cIFCA8ZPcyG,0.533
117,118,Look What God Gave Her,Thomas Rhett,2125097,https://open.spotify.com/track/1HY7Ze0NWqDJkl4g4MV62Q,1HY7Ze0NWqDJkl4g4MV62Q,17,0.0221,https://api.spotify.com/v1/audio-analysis/1HY7Ze0NWqDJkl4g4MV62Q,0.732,168214,0.847,1HY7Ze0NWqDJkl4g4MV62Q,0.0,2,0.246,-3.921,1,0.0307,113.012,4,https://api.spotify.com/v1/tracks/1HY7Ze0NWqDJkl4g4MV62Q,audio_features,spotify:track:1HY7Ze0NWqDJkl4g4MV62Q,0.885
118,119,bellyache,Billie Eilish,2112280,https://open.spotify.com/track/51NFxnQvaosfDDutk0tams,51NFxnQvaosfDDutk0tams,18,0.46,https://api.spotify.com/v1/audio-analysis/51NFxnQvaosfDDutk0tams,0.695,179172,0.573,51NFxnQvaosfDDutk0tams,0.0734,4,0.482,-8.597,0,0.106,99.939,4,https://api.spotify.com/v1/tracks/51NFxnQvaosfDDutk0tams,audio_features,spotify:track:51NFxnQvaosfDDutk0tams,0.408
119,120,XO TOUR Llif3,Lil Uzi Vert,2112033,https://open.spotify.com/track/7GX5flRQZVHRAGd6B4TmDO,7GX5flRQZVHRAGd6B4TmDO,19,0.00264,https://api.spotify.com/v1/audio-analysis/7GX5flRQZVHRAGd6B4TmDO,0.732,182707,0.75,7GX5flRQZVHRAGd6B4TmDO,0.0,11,0.109,-6.366,0,0.231,155.096,4,https://api.spotify.com/v1/tracks/7GX5flRQZVHRAGd6B4TmDO,audio_features,spotify:track:7GX5flRQZVHRAGd6B4TmDO,0.401
120,121,ocean eyes,Billie Eilish,2109074,https://open.spotify.com/track/2uIX8YMNjGMD7441kqyyNU,2uIX8YMNjGMD7441kqyyNU,20,0.819,https://api.spotify.com/v1/audio-analysis/2uIX8YMNjGMD7441kqyyNU,0.475,200560,0.37,2uIX8YMNjGMD7441kqyyNU,0.0577,4,0.0841,-7.725,0,0.0361,144.828,4,https://api.spotify.com/v1/tracks/2uIX8YMNjGMD7441kqyyNU,audio_features,spotify:track:2uIX8YMNjGMD7441kqyyNU,0.157
121,122,SLOW DANCING IN THE DARK,Joji,2107735,https://open.spotify.com/track/0rKtyWc8bvkriBthvHKY8d,0rKtyWc8bvkriBthvHKY8d,21,0.544,https://api.spotify.com/v1/audio-analysis/0rKtyWc8bvkriBthvHKY8d,0.515,209274,0.479,0rKtyWc8bvkriBthvHKY8d,0.00598,3,0.191,-7.458,1,0.0261,88.964,4,https://api.spotify.com/v1/tracks/0rKtyWc8bvkriBthvHKY8d,audio_features,spotify:track:0rKtyWc8bvkriBthvHKY8d,0.284
122,123,Congratulations,Post Malone,2081564,https://open.spotify.com/track/3a1lNhkSLSkpJE4MSHpDu9,3a1lNhkSLSkpJE4MSHpDu9,22,0.215,https://api.spotify.com/v1/audio-analysis/3a1lNhkSLSkpJE4MSHpDu9,0.63,220293,0.804,3a1lNhkSLSkpJE4MSHpDu9,0.0,6,0.253,-4.183,1,0.0363,123.146,4,https://api.spotify.com/v1/tracks/3a1lNhkSLSkpJE4MSHpDu9,audio_features,spotify:track:3a1lNhkSLSkpJE4MSHpDu9,0.492
123,124,Stop The Madness (feat. Gunna),Lil Skies,2077416,https://open.spotify.com/track/6PXhPHhZy1MpxuTNA1Ad4L,6PXhPHhZy1MpxuTNA1Ad4L,23,0.0201,https://api.spotify.com/v1/audio-analysis/6PXhPHhZy1MpxuTNA1Ad4L,0.651,254877,0.833,6PXhPHhZy1MpxuTNA1Ad4L,0.0,1,0.109,-5.153,1,0.0847,80.977,4,https://api.spotify.com/v1/tracks/6PXhPHhZy1MpxuTNA1Ad4L,audio_features,spotify:track:6PXhPHhZy1MpxuTNA1Ad4L,0.594
124,125,Speed It Up,Gunna,2072665,https://open.spotify.com/track/6PfI6EeLNiNGVAVg11nv7D,6PfI6EeLNiNGVAVg11nv7D,24,0.0394,https://api.spotify.com/v1/audio-analysis/6PfI6EeLNiNGVAVg11nv7D,0.912,179022,0.587,6PfI6EeLNiNGVAVg11nv7D,0.01,7,0.111,-7.395,1,0.0582,143.027,4,https://api.spotify.com/v1/tracks/6PfI6EeLNiNGVAVg11nv7D,audio_features,spotify:track:6PfI6EeLNiNGVAVg11nv7D,0.435
125,126,No Stylist,French Montana,2053123,https://open.spotify.com/track/04MLEeAMuV9IlHEsD8vF6A,04MLEeAMuV9IlHEsD8vF6A,25,0.0215,https://api.spotify.com/v1/audio-analysis/04MLEeAMuV9IlHEsD8vF6A,0.765,192172,0.704,04MLEeAMuV9IlHEsD8vF6A,0.0,5,0.227,-4.589,0,0.127,147.055,4,https://api.spotify.com/v1/tracks/04MLEeAMuV9IlHEsD8vF6A,audio_features,spotify:track:04MLEeAMuV9IlHEsD8vF6A,0.498
126,127,This Feeling,The Chainsmokers,2041308,https://open.spotify.com/track/4NBTZtAt1F13VvlSKe6KTl,4NBTZtAt1F13VvlSKe6KTl,26,0.0558,https://api.spotify.com/v1/audio-analysis/4NBTZtAt1F13VvlSKe6KTl,0.575,197947,0.571,4NBTZtAt1F13VvlSKe6KTl,0.0,1,0.0912,-7.906,1,0.0439,105.049,4,https://api.spotify.com/v1/tracks/4NBTZtAt1F13VvlSKe6KTl,audio_features,spotify:track:4NBTZtAt1F13VvlSKe6KTl,0.449
127,128,Beautiful Crazy,Luke Combs,2040192,https://open.spotify.com/track/2rxQMGVafnNaRaXlRMWPde,2rxQMGVafnNaRaXlRMWPde,27,0.676,https://api.spotify.com/v1/audio-analysis/2rxQMGVafnNaRaXlRMWPde,0.552,193200,0.402,2rxQMGVafnNaRaXlRMWPde,0.0,11,0.0928,-7.431,1,0.0262,103.313,4,https://api.spotify.com/v1/tracks/2rxQMGVafnNaRaXlRMWPde,audio_features,spotify:track:2rxQMGVafnNaRaXlRMWPde,0.382
128,129,Beautiful (feat. Camila Cabello),Bazzi,2036880,https://open.spotify.com/track/4VUwkH455At9kENOfzTqmF,4VUwkH455At9kENOfzTqmF,28,0.346,https://api.spotify.com/v1/audio-analysis/4VUwkH455At9kENOfzTqmF,0.638,180000,0.717,4VUwkH455At9kENOfzTqmF,0.0,2,0.105,-4.722,1,0.0337,100.027,4,https://api.spotify.com/v1/tracks/4VUwkH455At9kENOfzTqmF,audio_features,spotify:track:4VUwkH455At9kENOfzTqmF,0.249
129,130,No Role Modelz,J. Cole,2025033,https://open.spotify.com/track/62vpWI1CHwFy7tMIcSStl8,62vpWI1CHwFy7tMIcSStl8,29,0.302,https://api.spotify.com/v1/audio-analysis/62vpWI1CHwFy7tMIcSStl8,0.696,292987,0.521,62vpWI1CHwFy7tMIcSStl8,0.0,10,0.0565,-8.465,0,0.332,100.0,4,https://api.spotify.com/v1/tracks/62vpWI1CHwFy7tMIcSStl8,audio_features,spotify:track:62vpWI1CHwFy7tMIcSStl8,0.458
130,131,High Top Versace (feat. Young Thug),2 Chainz,2017337,https://open.spotify.com/track/40wyhIkaVvuZUAbAiTOkHI,40wyhIkaVvuZUAbAiTOkHI,30,0.00206,https://api.spotify.com/v1/audio-analysis/40wyhIkaVvuZUAbAiTOkHI,0.788,176920,0.591,40wyhIkaVvuZUAbAiTOkHI,1.95e-05,1,0.116,-4.838,1,0.133,152.071,4,https://api.spotify.com/v1/tracks/40wyhIkaVvuZUAbAiTOkHI,audio_features,spotify:track:40wyhIkaVvuZUAbAiTOkHI,0.247
131,132,goosebumps,Travis Scott,2005148,https://open.spotify.com/track/6gBFPUFcJLzWGx4lenP6h2,6gBFPUFcJLzWGx4lenP6h2,31,0.0847,https://api.spotify.com/v1/audio-analysis/6gBFPUFcJLzWGx4lenP6h2,0.841,243837,0.728,6gBFPUFcJLzWGx4lenP6h2,0.0,7,0.149,-3.37,1,0.0484,130.049,4,https://api.spotify.com/v1/tracks/6gBFPUFcJLzWGx4lenP6h2,audio_features,spotify:track:6gBFPUFcJLzWGx4lenP6h2,0.43
132,133,Meant to Be (feat. Florida Georgia Line),Bebe Rexha,1992514,https://open.spotify.com/track/4e4fqjx0Izh4svvTef1z7e,4e4fqjx0Izh4svvTef1z7e,32,0.0476,https://api.spotify.com/v1/audio-analysis/4e4fqjx0Izh4svvTef1z7e,0.642,164205,0.772,4e4fqjx0Izh4svvTef1z7e,0.0,10,0.0646,-6.61,1,0.0848,153.995,4,https://api.spotify.com/v1/tracks/4e4fqjx0Izh4svvTef1z7e,audio_features,spotify:track:4e4fqjx0Izh4svvTef1z7e,0.589
133,134,whoa (mind in awe),XXXTENTACION,1989915,https://open.spotify.com/track/7pdF27mSDuPWhppnHAmWHa,7pdF27mSDuPWhppnHAmWHa,33,0.653,https://api.spotify.com/v1/audio-analysis/7pdF27mSDuPWhppnHAmWHa,0.735,157777,0.525,7pdF27mSDuPWhppnHAmWHa,0.918,6,0.101,-2.939,0,0.0441,160.147,4,https://api.spotify.com/v1/tracks/7pdF27mSDuPWhppnHAmWHa,audio_features,spotify:track:7pdF27mSDuPWhppnHAmWHa,0.369
134,135,Tequila,Dan + Shay,1986528,https://open.spotify.com/track/42fw0rxRO2xbesF6mJfd4Y,42fw0rxRO2xbesF6mJfd4Y,34,0.0312,https://api.spotify.com/v1/audio-analysis/42fw0rxRO2xbesF6mJfd4Y,0.489,196747,0.581,42fw0rxRO2xbesF6mJfd4Y,0.0,11,0.132,-5.731,1,0.0281,86.016,4,https://api.spotify.com/v1/tracks/42fw0rxRO2xbesF6mJfd4Y,audio_features,spotify:track:42fw0rxRO2xbesF6mJfd4Y,0.494
135,136,no tears left to cry,Ariana Grande,1981046,https://open.spotify.com/track/2qT1uLXPVPzGgFOx4jtEuo,2qT1uLXPVPzGgFOx4jtEuo,35,0.04,https://api.spotify.com/v1/audio-analysis/2qT1uLXPVPzGgFOx4jtEuo,0.699,205920,0.713,2qT1uLXPVPzGgFOx4jtEuo,3.11e-06,9,0.294,-5.507,0,0.0594,121.993,4,https://api.spotify.com/v1/tracks/2qT1uLXPVPzGgFOx4jtEuo,audio_features,spotify:track:2qT1uLXPVPzGgFOx4jtEuo,0.354
136,137,Breathe,Lil Skies,1979194,https://open.spotify.com/track/6NGeKy2lLt86dxDjJAtBFk,6NGeKy2lLt86dxDjJAtBFk,36,0.187,https://api.spotify.com/v1/audio-analysis/6NGeKy2lLt86dxDjJAtBFk,0.642,154958,0.741,6NGeKy2lLt86dxDjJAtBFk,1.25e-06,6,0.146,-5.204,0,0.163,76.016,4,https://api.spotify.com/v1/tracks/6NGeKy2lLt86dxDjJAtBFk,audio_features,spotify:track:6NGeKy2lLt86dxDjJAtBFk,0.72
137,138,BAD!,XXXTENTACION,1976317,https://open.spotify.com/track/22An65gG31JLf9n18qjdhZ,22An65gG31JLf9n18qjdhZ,37,0.0643,https://api.spotify.com/v1/audio-analysis/22An65gG31JLf9n18qjdhZ,0.78,94246,0.492,22An65gG31JLf9n18qjdhZ,0.0313,5,0.174,-3.4,0,0.0671,143.983,4,https://api.spotify.com/v1/tracks/22An65gG31JLf9n18qjdhZ,audio_features,spotify:track:22An65gG31JLf9n18qjdhZ,0.374
138,139,Flooded,Lil Skies,1923839,https://open.spotify.com/track/6Ur6u4Ici7NYBiuGEEkNMP,6Ur6u4Ici7NYBiuGEEkNMP,38,0.36,https://api.spotify.com/v1/audio-analysis/6Ur6u4Ici7NYBiuGEEkNMP,0.714,115722,0.636,6Ur6u4Ici7NYBiuGEEkNMP,0.0,8,0.112,-5.286,1,0.201,166.049,4,https://api.spotify.com/v1/tracks/6Ur6u4Ici7NYBiuGEEkNMP,audio_features,spotify:track:6Ur6u4Ici7NYBiuGEEkNMP,0.52
139,140,Girls Like You (feat. Cardi B),Maroon 5,1905410,https://open.spotify.com/track/7fa9MBXhVfQ8P8Df9OEbD8,7fa9MBXhVfQ8P8Df9OEbD8,39,0.568,https://api.spotify.com/v1/audio-analysis/7fa9MBXhVfQ8P8Df9OEbD8,0.851,235545,0.541,7fa9MBXhVfQ8P8Df9OEbD8,0.0,0,0.13,-6.825,1,0.0505,124.959,4,https://api.spotify.com/v1/tracks/7fa9MBXhVfQ8P8Df9OEbD8,audio_features,spotify:track:7fa9MBXhVfQ8P8Df9OEbD8,0.448
140,141,make up,Ariana Grande,1895747,https://open.spotify.com/track/27356GVuMPFWiJSZCragoM,27356GVuMPFWiJSZCragoM,40,0.0844,https://api.spotify.com/v1/audio-analysis/27356GVuMPFWiJSZCragoM,0.671,140693,0.714,27356GVuMPFWiJSZCragoM,1.48e-06,7,0.0568,-5.373,1,0.21,105.137,3,https://api.spotify.com/v1/tracks/27356GVuMPFWiJSZCragoM,audio_features,spotify:track:27356GVuMPFWiJSZCragoM,0.477
141,142,Young Dumb & Broke,Khalid,1884237,https://open.spotify.com/track/5Z3GHaZ6ec9bsiI5BenrbY,5Z3GHaZ6ec9bsiI5BenrbY,41,0.199,https://api.spotify.com/v1/audio-analysis/5Z3GHaZ6ec9bsiI5BenrbY,0.798,202547,0.539,5Z3GHaZ6ec9bsiI5BenrbY,1.66e-05,1,0.165,-6.351,1,0.0421,136.949,4,https://api.spotify.com/v1/tracks/5Z3GHaZ6ec9bsiI5BenrbY,audio_features,spotify:track:5Z3GHaZ6ec9bsiI5BenrbY,0.394
142,143,Name in the Sand,Lil Skies,1882756,https://open.spotify.com/track/11p2ty4w5GpoFL4vcK0Cru,11p2ty4w5GpoFL4vcK0Cru,42,0.0949,https://api.spotify.com/v1/audio-analysis/11p2ty4w5GpoFL4vcK0Cru,0.646,168751,0.656,11p2ty4w5GpoFL4vcK0Cru,0.0,11,0.103,-6.798,0,0.0743,160.065,4,https://api.spotify.com/v1/tracks/11p2ty4w5GpoFL4vcK0Cru,audio_features,spotify:track:11p2ty4w5GpoFL4vcK0Cru,0.501
143,144,Hide (feat. Seezyn),Juice WRLD,1875060,https://open.spotify.com/track/0dWYd84A57fPNoxv8OFwCD,0dWYd84A57fPNoxv8OFwCD,43,0.0635,https://api.spotify.com/v1/audio-analysis/0dWYd84A57fPNoxv8OFwCD,0.715,205800,0.639,0dWYd84A57fPNoxv8OFwCD,0.0,5,0.155,-5.017,0,0.0762,149.997,4,https://api.spotify.com/v1/tracks/0dWYd84A57fPNoxv8OFwCD,audio_features,spotify:track:0dWYd84A57fPNoxv8OFwCD,0.152
144,145,4 Phones,Rich The Kid,1872298,https://open.spotify.com/track/5qu3j7Ou6LyQFSU9N7Sb5x,5qu3j7Ou6LyQFSU9N7Sb5x,44,0.0269,https://api.spotify.com/v1/audio-analysis/5qu3j7Ou6LyQFSU9N7Sb5x,0.926,217339,0.523,5qu3j7Ou6LyQFSU9N7Sb5x,0.000293,1,0.103,-5.915,1,0.158,141.983,4,https://api.spotify.com/v1/tracks/5qu3j7Ou6LyQFSU9N7Sb5x,audio_features,spotify:track:5qu3j7Ou6LyQFSU9N7Sb5x,0.205
145,146,Another One Bites The Dust - Remastered 2011,Queen,1871531,https://open.spotify.com/track/5vdp5UmvTsnMEMESIF2Ym7,5vdp5UmvTsnMEMESIF2Ym7,45,0.112,https://api.spotify.com/v1/audio-analysis/5vdp5UmvTsnMEMESIF2Ym7,0.933,214653,0.528,5vdp5UmvTsnMEMESIF2Ym7,0.312,5,0.163,-6.472,0,0.161,109.967,4,https://api.spotify.com/v1/tracks/5vdp5UmvTsnMEMESIF2Ym7,audio_features,spotify:track:5vdp5UmvTsnMEMESIF2Ym7,0.754
146,147,KIKA (feat. Tory Lanez),6ix9ine,1869943,https://open.spotify.com/track/6Gy7rXB6Ku5vIWC7WGWsl3,6Gy7rXB6Ku5vIWC7WGWsl3,46,0.128,https://api.spotify.com/v1/audio-analysis/6Gy7rXB6Ku5vIWC7WGWsl3,0.745,136032,0.715,6Gy7rXB6Ku5vIWC7WGWsl3,0.0,1,0.182,-3.368,0,0.245,94.513,4,https://api.spotify.com/v1/tracks/6Gy7rXB6Ku5vIWC7WGWsl3,audio_features,spotify:track:6Gy7rXB6Ku5vIWC7WGWsl3,0.342
147,148,"FEFE (feat. Nicki Minaj, Murda Beatz)",6ix9ine,1861984,https://open.spotify.com/track/4QIyEq7TcTdAcxjI2AFlAK,4QIyEq7TcTdAcxjI2AFlAK,47,0.088,https://api.spotify.com/v1/audio-analysis/4QIyEq7TcTdAcxjI2AFlAK,0.931,179405,0.387,4QIyEq7TcTdAcxjI2AFlAK,0.0,1,0.136,-9.127,1,0.412,125.978,4,https://api.spotify.com/v1/tracks/4QIyEq7TcTdAcxjI2AFlAK,audio_features,spotify:track:4QIyEq7TcTdAcxjI2AFlAK,0.376
148,149,Speechless,Dan + Shay,1850883,https://open.spotify.com/track/3GJ4hzg4lrGwU51Y3VARbF,3GJ4hzg4lrGwU51Y3VARbF,48,0.356,https://api.spotify.com/v1/audio-analysis/3GJ4hzg4lrGwU51Y3VARbF,0.616,213387,0.438,3GJ4hzg4lrGwU51Y3VARbF,0.0,1,0.24,-5.968,1,0.0298,135.929,4,https://api.spotify.com/v1/tracks/3GJ4hzg4lrGwU51Y3VARbF,audio_features,spotify:track:3GJ4hzg4lrGwU51Y3VARbF,0.386
149,150,Everybody Dies In Their Nightmares,XXXTENTACION,1846933,https://open.spotify.com/track/3GVkPk8mqxz0itaAriG1L7,3GVkPk8mqxz0itaAriG1L7,49,0.847,https://api.spotify.com/v1/audio-analysis/3GVkPk8mqxz0itaAriG1L7,0.734,95467,0.57,3GVkPk8mqxz0itaAriG1L7,2.14e-05,7,0.112,-7.066,0,0.133,129.953,4,https://api.spotify.com/v1/tracks/3GVkPk8mqxz0itaAriG1L7,audio_features,spotify:track:3GVkPk8mqxz0itaAriG1L7,0.689
150,151,HUMBLE.,Kendrick Lamar,1836579,https://open.spotify.com/track/7KXjTSCq5nL1LoYtL7XAwS,7KXjTSCq5nL1LoYtL7XAwS,0,0.000282,https://api.spotify.com/v1/audio-analysis/7KXjTSCq5nL1LoYtL7XAwS,0.908,177000,0.621,7KXjTSCq5nL1LoYtL7XAwS,5.39e-05,1,0.0958,-6.638,0,0.102,150.011,4,https://api.spotify.com/v1/tracks/7KXjTSCq5nL1LoYtL7XAwS,audio_features,spotify:track:7KXjTSCq5nL1LoYtL7XAwS,0.421
151,152,Always Remember Us This Way,Lady Gaga,1833098,https://open.spotify.com/track/2rbDhOo9Fh61Bbu23T2qCk,2rbDhOo9Fh61Bbu23T2qCk,1,0.299,https://api.spotify.com/v1/audio-analysis/2rbDhOo9Fh61Bbu23T2qCk,0.553,210200,0.502,2rbDhOo9Fh61Bbu23T2qCk,0.0,0,0.764,-5.972,1,0.0409,129.976,4,https://api.spotify.com/v1/tracks/2rbDhOo9Fh61Bbu23T2qCk,audio_features,spotify:track:2rbDhOo9Fh61Bbu23T2qCk,0.296
152,153,Project Dreams,Marshmello,1828853,https://open.spotify.com/track/6GSkLS2y4ZnnZsuRAj975K,6GSkLS2y4ZnnZsuRAj975K,2,0.409,https://api.spotify.com/v1/audio-analysis/6GSkLS2y4ZnnZsuRAj975K,0.78,167898,0.828,6GSkLS2y4ZnnZsuRAj975K,0.0,8,0.104,-2.235,1,0.237,160.113,4,https://api.spotify.com/v1/tracks/6GSkLS2y4ZnnZsuRAj975K,audio_features,spotify:track:6GSkLS2y4ZnnZsuRAj975K,0.786
153,154,In My Feelings,Drake,1822783,https://open.spotify.com/track/2G7V7zsVDxg1yRsu7Ew9RJ,2G7V7zsVDxg1yRsu7Ew9RJ,3,0.0589,https://api.spotify.com/v1/audio-analysis/2G7V7zsVDxg1yRsu7Ew9RJ,0.835,217925,0.626,2G7V7zsVDxg1yRsu7Ew9RJ,6e-05,1,0.396,-5.833,1,0.125,91.03,4,https://api.spotify.com/v1/tracks/2G7V7zsVDxg1yRsu7Ew9RJ,audio_features,spotify:track:2G7V7zsVDxg1yRsu7Ew9RJ,0.35
154,155,Falling Down - Bonus Track,Lil Peep,1820694,https://open.spotify.com/track/4jvjzW7Hm0yK4LvvE0Paz9,4jvjzW7Hm0yK4LvvE0Paz9,4,0.0175,https://api.spotify.com/v1/audio-analysis/4jvjzW7Hm0yK4LvvE0Paz9,0.669,196400,0.574,4jvjzW7Hm0yK4LvvE0Paz9,0.00294,4,0.146,-6.442,0,0.0286,120.013,4,https://api.spotify.com/v1/tracks/4jvjzW7Hm0yK4LvvE0Paz9,audio_features,spotify:track:4jvjzW7Hm0yK4LvvE0Paz9,0.273
155,156,Sauce!,XXXTENTACION,1809024,https://open.spotify.com/track/3jq1RpStaB1YGyN3rRZGca,3jq1RpStaB1YGyN3rRZGca,5,0.582,https://api.spotify.com/v1/audio-analysis/3jq1RpStaB1YGyN3rRZGca,0.68,144724,0.313,3jq1RpStaB1YGyN3rRZGca,0.0,3,0.19,-13.672,0,0.0347,135.034,4,https://api.spotify.com/v1/tracks/3jq1RpStaB1YGyN3rRZGca,audio_features,spotify:track:3jq1RpStaB1YGyN3rRZGca,0.405
156,157,West Coast,G-Eazy,1808788,https://open.spotify.com/track/2O8gSQ9z52tZSLJnuzjkcG,2O8gSQ9z52tZSLJnuzjkcG,6,0.0729,https://api.spotify.com/v1/audio-analysis/2O8gSQ9z52tZSLJnuzjkcG,0.843,139610,0.806,2O8gSQ9z52tZSLJnuzjkcG,0.0,6,0.758,-5.156,1,0.367,97.858,4,https://api.spotify.com/v1/tracks/2O8gSQ9z52tZSLJnuzjkcG,audio_features,spotify:track:2O8gSQ9z52tZSLJnuzjkcG,0.821
157,158,Calma - Remix,Pedro CapÃ³,1804262,https://open.spotify.com/track/5iwz1NiezX7WWjnCgY5TH4,5iwz1NiezX7WWjnCgY5TH4,7,0.323,https://api.spotify.com/v1/audio-analysis/5iwz1NiezX7WWjnCgY5TH4,0.826,238200,0.773,5iwz1NiezX7WWjnCgY5TH4,0.0,11,0.143,-4.218,0,0.0524,126.899,4,https://api.spotify.com/v1/tracks/5iwz1NiezX7WWjnCgY5TH4,audio_features,spotify:track:5iwz1NiezX7WWjnCgY5TH4,0.761
158,159,Blue Strips,Lil Skies,1801376,https://open.spotify.com/track/0AKwYorDdgm3NtusTmPlkn,0AKwYorDdgm3NtusTmPlkn,8,0.102,https://api.spotify.com/v1/audio-analysis/0AKwYorDdgm3NtusTmPlkn,0.776,207465,0.776,0AKwYorDdgm3NtusTmPlkn,0.0,6,0.138,-6.366,0,0.316,161.983,4,https://api.spotify.com/v1/tracks/0AKwYorDdgm3NtusTmPlkn,audio_features,spotify:track:0AKwYorDdgm3NtusTmPlkn,0.68
159,160,Location,Khalid,1800369,https://open.spotify.com/track/152lZdxL1OR0ZMW6KquMif,152lZdxL1OR0ZMW6KquMif,9,0.33,https://api.spotify.com/v1/audio-analysis/152lZdxL1OR0ZMW6KquMif,0.736,219080,0.449,152lZdxL1OR0ZMW6KquMif,0.000162,1,0.0898,-11.462,0,0.425,80.126,4,https://api.spotify.com/v1/tracks/152lZdxL1OR0ZMW6KquMif,audio_features,spotify:track:152lZdxL1OR0ZMW6KquMif,0.326
160,161,Nice For What,Drake,1795800,https://open.spotify.com/track/3CA9pLiwRIGtUBiMjbZmRw,3CA9pLiwRIGtUBiMjbZmRw,10,0.0891,https://api.spotify.com/v1/audio-analysis/3CA9pLiwRIGtUBiMjbZmRw,0.586,210747,0.909,3CA9pLiwRIGtUBiMjbZmRw,0.000109,8,0.119,-6.474,1,0.0705,93.394,4,https://api.spotify.com/v1/tracks/3CA9pLiwRIGtUBiMjbZmRw,audio_features,spotify:track:3CA9pLiwRIGtUBiMjbZmRw,0.757
161,162,"Never Recover (Lil Baby & Gunna, Drake)",Lil Baby,1793363,https://open.spotify.com/track/6wWaVoUOzLQJHd3bWAUpdZ,6wWaVoUOzLQJHd3bWAUpdZ,11,0.0716,https://api.spotify.com/v1/audio-analysis/6wWaVoUOzLQJHd3bWAUpdZ,0.757,194732,0.69,6wWaVoUOzLQJHd3bWAUpdZ,0.0,1,0.192,-5.327,0,0.282,132.064,4,https://api.spotify.com/v1/tracks/6wWaVoUOzLQJHd3bWAUpdZ,audio_features,spotify:track:6wWaVoUOzLQJHd3bWAUpdZ,0.914
162,163,"BIG BANK (feat. 2 Chainz, Big Sean, Nicki Minaj)",YG,1790257,https://open.spotify.com/track/0ZNrc4kNeQYD9koZ3KvCsy,0ZNrc4kNeQYD9koZ3KvCsy,12,0.00552,https://api.spotify.com/v1/audio-analysis/0ZNrc4kNeQYD9koZ3KvCsy,0.745,237240,0.346,0ZNrc4kNeQYD9koZ3KvCsy,0.0,1,0.0881,-7.709,1,0.331,203.911,4,https://api.spotify.com/v1/tracks/0ZNrc4kNeQYD9koZ3KvCsy,audio_features,spotify:track:0ZNrc4kNeQYD9koZ3KvCsy,0.112
163,164,Arms Around You (feat. Maluma & Swae Lee),XXXTENTACION,1788133,https://open.spotify.com/track/2LskIZrCeLxRvCiGP8gxlh,2LskIZrCeLxRvCiGP8gxlh,13,0.0302,https://api.spotify.com/v1/audio-analysis/2LskIZrCeLxRvCiGP8gxlh,0.703,198903,0.723,2LskIZrCeLxRvCiGP8gxlh,2.06e-06,9,0.126,-5.45,0,0.0412,104.969,4,https://api.spotify.com/v1/tracks/2LskIZrCeLxRvCiGP8gxlh,audio_features,spotify:track:2LskIZrCeLxRvCiGP8gxlh,0.288
164,165,Mine,Bazzi,1784798,https://open.spotify.com/track/7uzmGiiJyRfuViKKK3lVmR,7uzmGiiJyRfuViKKK3lVmR,14,0.0161,https://api.spotify.com/v1/audio-analysis/7uzmGiiJyRfuViKKK3lVmR,0.71,131064,0.789,7uzmGiiJyRfuViKKK3lVmR,2.77e-06,4,0.451,-3.874,1,0.0722,142.929,4,https://api.spotify.com/v1/tracks/7uzmGiiJyRfuViKKK3lVmR,audio_features,spotify:track:7uzmGiiJyRfuViKKK3lVmR,0.717
165,166,Lost In Japan,Shawn Mendes,1780575,https://open.spotify.com/track/79esEXlqqmq0GPz0xQSZTV,79esEXlqqmq0GPz0xQSZTV,15,0.255,https://api.spotify.com/v1/audio-analysis/79esEXlqqmq0GPz0xQSZTV,0.713,201200,0.738,79esEXlqqmq0GPz0xQSZTV,0.0,10,0.106,-6.784,1,0.374,105.027,4,https://api.spotify.com/v1/tracks/79esEXlqqmq0GPz0xQSZTV,audio_features,spotify:track:79esEXlqqmq0GPz0xQSZTV,0.425
166,167,Demons and Angels (feat. Juice WRLD),A Boogie Wit da Hoodie,1776185,https://open.spotify.com/track/3L19besdNQzd342qL78xqm,3L19besdNQzd342qL78xqm,16,0.0114,https://api.spotify.com/v1/audio-analysis/3L19besdNQzd342qL78xqm,0.81,214593,0.55,3L19besdNQzd342qL78xqm,5.69e-06,2,0.107,-7.46,0,0.17,76.503,4,https://api.spotify.com/v1/tracks/3L19besdNQzd342qL78xqm,audio_features,spotify:track:3L19besdNQzd342qL78xqm,0.183
167,168,Kamikaze,Lil Mosey,1773878,https://open.spotify.com/track/1iPBD72u3nAyFEeardYuBV,1iPBD72u3nAyFEeardYuBV,17,0.301,https://api.spotify.com/v1/audio-analysis/1iPBD72u3nAyFEeardYuBV,0.792,139200,0.571,1iPBD72u3nAyFEeardYuBV,0.0,8,0.1,-7.539,0,0.094,99.999,4,https://api.spotify.com/v1/tracks/1iPBD72u3nAyFEeardYuBV,audio_features,spotify:track:1iPBD72u3nAyFEeardYuBV,0.556
168,169,Topanga,Trippie Redd,1766425,https://open.spotify.com/track/5aXgz1oKK8Q9z9xvTmSnrO,5aXgz1oKK8Q9z9xvTmSnrO,18,0.00587,https://api.spotify.com/v1/audio-analysis/5aXgz1oKK8Q9z9xvTmSnrO,0.755,215364,0.615,5aXgz1oKK8Q9z9xvTmSnrO,1.75e-06,4,0.109,-8.245,1,0.0454,105.955,4,https://api.spotify.com/v1/tracks/5aXgz1oKK8Q9z9xvTmSnrO,audio_features,spotify:track:5aXgz1oKK8Q9z9xvTmSnrO,0.039
169,170,Love Lies (with Normani),Khalid,1763199,https://open.spotify.com/track/45Egmo7icyopuzJN0oMEdk,45Egmo7icyopuzJN0oMEdk,19,0.0956,https://api.spotify.com/v1/audio-analysis/45Egmo7icyopuzJN0oMEdk,0.708,201707,0.648,45Egmo7icyopuzJN0oMEdk,0.0,6,0.134,-5.626,1,0.0449,143.955,4,https://api.spotify.com/v1/tracks/45Egmo7icyopuzJN0oMEdk,audio_features,spotify:track:45Egmo7icyopuzJN0oMEdk,0.338
170,171,Be Like Me (feat. Lil Wayne),Lil Pump,1760158,https://open.spotify.com/track/6flur5o18COKeafnjLHRiJ,6flur5o18COKeafnjLHRiJ,20,0.00335,https://api.spotify.com/v1/audio-analysis/6flur5o18COKeafnjLHRiJ,0.948,240000,0.396,6flur5o18COKeafnjLHRiJ,0.0,5,0.192,-8.08,0,0.173,104.006,4,https://api.spotify.com/v1/tracks/6flur5o18COKeafnjLHRiJ,audio_features,spotify:track:6flur5o18COKeafnjLHRiJ,0.593
171,172,Lust,Lil Skies,1759557,https://open.spotify.com/track/7oJrVhiTPZGBXWPwhxjy9S,7oJrVhiTPZGBXWPwhxjy9S,21,0.138,https://api.spotify.com/v1/audio-analysis/7oJrVhiTPZGBXWPwhxjy9S,0.718,156000,0.767,7oJrVhiTPZGBXWPwhxjy9S,0.0,9,0.114,-5.641,1,0.166,160.084,4,https://api.spotify.com/v1/tracks/7oJrVhiTPZGBXWPwhxjy9S,audio_features,spotify:track:7oJrVhiTPZGBXWPwhxjy9S,0.519
172,173,TAlk tO Me (with Rich The Kid feat. Lil Wayne) - Remix,Tory Lanez,1753274,https://open.spotify.com/track/51w9Jbat1pLeWINGCpnQUR,51w9Jbat1pLeWINGCpnQUR,22,0.0226,https://api.spotify.com/v1/audio-analysis/51w9Jbat1pLeWINGCpnQUR,0.698,248521,0.66,51w9Jbat1pLeWINGCpnQUR,0.0,0,0.0622,-7.883,1,0.052,159.949,4,https://api.spotify.com/v1/tracks/51w9Jbat1pLeWINGCpnQUR,audio_features,spotify:track:51w9Jbat1pLeWINGCpnQUR,0.451
173,174,First Off (feat. Travis Scott),Future,1744340,https://open.spotify.com/track/3WRIaWsws011vHMd9uzPjG,3WRIaWsws011vHMd9uzPjG,23,0.013,https://api.spotify.com/v1/audio-analysis/3WRIaWsws011vHMd9uzPjG,0.734,228367,0.683,3WRIaWsws011vHMd9uzPjG,0.0,1,0.28,-6.105,1,0.0776,162.038,4,https://api.spotify.com/v1/tracks/3WRIaWsws011vHMd9uzPjG,audio_features,spotify:track:3WRIaWsws011vHMd9uzPjG,0.445
174,175,Worth It,YK Osiris,1735770,https://open.spotify.com/track/4XiGKQqbmnMVxDzUj6j3f2,4XiGKQqbmnMVxDzUj6j3f2,24,0.468,https://api.spotify.com/v1/audio-analysis/4XiGKQqbmnMVxDzUj6j3f2,0.764,189253,0.528,4XiGKQqbmnMVxDzUj6j3f2,0.0,5,0.0811,-4.082,0,0.0588,123.936,5,https://api.spotify.com/v1/tracks/4XiGKQqbmnMVxDzUj6j3f2,audio_features,spotify:track:4XiGKQqbmnMVxDzUj6j3f2,0.422
175,176,monster,21 Savage,1735511,https://open.spotify.com/track/2FUNBaa5DwItJtYEBgAblU,2FUNBaa5DwItJtYEBgAblU,25,0.158,https://api.spotify.com/v1/audio-analysis/2FUNBaa5DwItJtYEBgAblU,0.89,233040,0.607,2FUNBaa5DwItJtYEBgAblU,0.000228,9,0.118,-6.916,0,0.124,134.022,4,https://api.spotify.com/v1/tracks/2FUNBaa5DwItJtYEBgAblU,audio_features,spotify:track:2FUNBaa5DwItJtYEBgAblU,0.224
176,177,Wasted (feat. Lil Uzi Vert),Juice WRLD,1719742,https://open.spotify.com/track/1a7WZZZH7LzyvorhpOJFTe,1a7WZZZH7LzyvorhpOJFTe,26,0.0381,https://api.spotify.com/v1/audio-analysis/1a7WZZZH7LzyvorhpOJFTe,0.742,258475,0.579,1a7WZZZH7LzyvorhpOJFTe,0.0,0,0.0952,-5.024,1,0.202,144.994,4,https://api.spotify.com/v1/tracks/1a7WZZZH7LzyvorhpOJFTe,audio_features,spotify:track:1a7WZZZH7LzyvorhpOJFTe,0.502
177,178,Nowadays (feat. Landon Cube),Lil Skies,1709142,https://open.spotify.com/track/2u7mxWSeoqTXndK5e08jMp,2u7mxWSeoqTXndK5e08jMp,27,0.157,https://api.spotify.com/v1/audio-analysis/2u7mxWSeoqTXndK5e08jMp,0.745,203908,0.646,2u7mxWSeoqTXndK5e08jMp,0.0,6,0.338,-6.987,0,0.17,79.993,4,https://api.spotify.com/v1/tracks/2u7mxWSeoqTXndK5e08jMp,audio_features,spotify:track:2u7mxWSeoqTXndK5e08jMp,0.46
178,179,Pimpin Ain't Eazy,Kodak Black,1708979,https://open.spotify.com/track/5FxKZ4IajYIRDjAWAboiB4,5FxKZ4IajYIRDjAWAboiB4,28,0.311,https://api.spotify.com/v1/audio-analysis/5FxKZ4IajYIRDjAWAboiB4,0.644,177000,0.501,5FxKZ4IajYIRDjAWAboiB4,0.0,0,0.106,-8.959,1,0.492,129.828,4,https://api.spotify.com/v1/tracks/5FxKZ4IajYIRDjAWAboiB4,audio_features,spotify:track:5FxKZ4IajYIRDjAWAboiB4,0.173
179,180,The Middle,Zedd,1706934,https://open.spotify.com/track/09IStsImFySgyp0pIQdqAc,09IStsImFySgyp0pIQdqAc,29,0.171,https://api.spotify.com/v1/audio-analysis/09IStsImFySgyp0pIQdqAc,0.753,184732,0.657,09IStsImFySgyp0pIQdqAc,0.0,7,0.112,-3.061,1,0.0449,107.01,4,https://api.spotify.com/v1/tracks/09IStsImFySgyp0pIQdqAc,audio_features,spotify:track:09IStsImFySgyp0pIQdqAc,0.437
180,181,1400 / 999 Freestyle,Trippie Redd,1704725,https://open.spotify.com/track/75lcPkAkUsKWHGBlGM476R,75lcPkAkUsKWHGBlGM476R,30,0.0079,https://api.spotify.com/v1/audio-analysis/75lcPkAkUsKWHGBlGM476R,0.825,175954,0.572,75lcPkAkUsKWHGBlGM476R,0.0,6,0.113,-6.067,0,0.0864,141.991,4,https://api.spotify.com/v1/tracks/75lcPkAkUsKWHGBlGM476R,audio_features,spotify:track:75lcPkAkUsKWHGBlGM476R,0.568
181,182,Plug Walk,Rich The Kid,1695807,https://open.spotify.com/track/1ZAyjvIk9YiD76yYy0TEG6,1ZAyjvIk9YiD76yYy0TEG6,31,0.202,https://api.spotify.com/v1/audio-analysis/1ZAyjvIk9YiD76yYy0TEG6,0.876,175230,0.519,1ZAyjvIk9YiD76yYy0TEG6,0.0,11,0.108,-6.531,1,0.143,94.981,4,https://api.spotify.com/v1/tracks/1ZAyjvIk9YiD76yYy0TEG6,audio_features,spotify:track:1ZAyjvIk9YiD76yYy0TEG6,0.158
182,183,Candy Paint,Post Malone,1692593,https://open.spotify.com/track/32lItqlMi4LBhb4k0BaSaC,32lItqlMi4LBhb4k0BaSaC,32,0.627,https://api.spotify.com/v1/audio-analysis/32lItqlMi4LBhb4k0BaSaC,0.67,227533,0.654,32lItqlMi4LBhb4k0BaSaC,1.02e-06,4,0.071,-5.944,1,0.153,180.024,4,https://api.spotify.com/v1/tracks/32lItqlMi4LBhb4k0BaSaC,audio_features,spotify:track:32lItqlMi4LBhb4k0BaSaC,0.438
183,184,Slime Belief,YoungBoy Never Broke Again,1691643,https://open.spotify.com/track/2qGfZAgDe1pV2y5xJAhi6R,2qGfZAgDe1pV2y5xJAhi6R,33,0.257,https://api.spotify.com/v1/audio-analysis/2qGfZAgDe1pV2y5xJAhi6R,0.748,192606,0.578,2qGfZAgDe1pV2y5xJAhi6R,0.0,9,0.13,-5.72,1,0.194,140.016,4,https://api.spotify.com/v1/tracks/2qGfZAgDe1pV2y5xJAhi6R,audio_features,spotify:track:2qGfZAgDe1pV2y5xJAhi6R,0.166
184,185,Act Up,City Girls,1676709,https://open.spotify.com/track/4eIT2gZ0WZyJpgfmoD6saJ,4eIT2gZ0WZyJpgfmoD6saJ,34,0.0171,https://api.spotify.com/v1/audio-analysis/4eIT2gZ0WZyJpgfmoD6saJ,0.938,158332,0.638,4eIT2gZ0WZyJpgfmoD6saJ,0.0,8,0.111,-4.696,1,0.188,97.07,4,https://api.spotify.com/v1/tracks/4eIT2gZ0WZyJpgfmoD6saJ,audio_features,spotify:track:4eIT2gZ0WZyJpgfmoD6saJ,0.313
185,186,Lucky You (feat. Joyner Lucas),Eminem,1672310,https://open.spotify.com/track/60SdxE8apGAxMiRrpbmLY0,60SdxE8apGAxMiRrpbmLY0,35,0.0627,https://api.spotify.com/v1/audio-analysis/60SdxE8apGAxMiRrpbmLY0,0.876,244679,0.786,60SdxE8apGAxMiRrpbmLY0,0.0,10,0.127,-4.884,0,0.306,153.068,4,https://api.spotify.com/v1/tracks/60SdxE8apGAxMiRrpbmLY0,audio_features,spotify:track:60SdxE8apGAxMiRrpbmLY0,0.575
186,187,Walk,Comethazine,1666559,https://open.spotify.com/track/21kOVEG3bDCVphKhXL8XmQ,21kOVEG3bDCVphKhXL8XmQ,36,0.221,https://api.spotify.com/v1/audio-analysis/21kOVEG3bDCVphKhXL8XmQ,0.831,96064,0.795,21kOVEG3bDCVphKhXL8XmQ,0.0,1,0.291,-6.186,1,0.264,160.063,4,https://api.spotify.com/v1/tracks/21kOVEG3bDCVphKhXL8XmQ,audio_features,spotify:track:21kOVEG3bDCVphKhXL8XmQ,0.744
187,188,Walk Me Home,P!nk,1662642,https://open.spotify.com/track/7DHApOHsIFo7EyfieArYGE,7DHApOHsIFo7EyfieArYGE,37,0.0519,https://api.spotify.com/v1/audio-analysis/7DHApOHsIFo7EyfieArYGE,0.652,177391,0.453,7DHApOHsIFo7EyfieArYGE,0.0,1,0.179,-6.119,1,0.0445,88.038,3,https://api.spotify.com/v1/tracks/7DHApOHsIFo7EyfieArYGE,audio_features,spotify:track:7DHApOHsIFo7EyfieArYGE,0.432
188,189,Close Friends (Lil Baby & Gunna),Lil Baby,1658423,https://open.spotify.com/track/5nzhL67GpF9szXWg5y509A,5nzhL67GpF9szXWg5y509A,38,0.044,https://api.spotify.com/v1/audio-analysis/5nzhL67GpF9szXWg5y509A,0.665,203881,0.585,5nzhL67GpF9szXWg5y509A,0.0,10,0.0789,-5.077,0,0.366,158.953,4,https://api.spotify.com/v1/tracks/5nzhL67GpF9szXWg5y509A,audio_features,spotify:track:5nzhL67GpF9szXWg5y509A,0.658
189,190,CAN'T SAY,Travis Scott,1632944,https://open.spotify.com/track/27a1mYSG5tYg7dmEjWBcmL,27a1mYSG5tYg7dmEjWBcmL,39,0.201,https://api.spotify.com/v1/audio-analysis/27a1mYSG5tYg7dmEjWBcmL,0.702,198408,0.708,27a1mYSG5tYg7dmEjWBcmL,0.0,10,0.118,-5.366,0,0.0547,147.98,4,https://api.spotify.com/v1/tracks/27a1mYSG5tYg7dmEjWBcmL,audio_features,spotify:track:27a1mYSG5tYg7dmEjWBcmL,0.713
190,191,How Did I Get Here (feat. J. Cole),Offset,1624494,https://open.spotify.com/track/32iPykTXUNZ9oGyACGUybq,32iPykTXUNZ9oGyACGUybq,40,0.507,https://api.spotify.com/v1/audio-analysis/32iPykTXUNZ9oGyACGUybq,0.883,276794,0.544,32iPykTXUNZ9oGyACGUybq,1.6e-06,2,0.08,-7.92,1,0.233,129.993,4,https://api.spotify.com/v1/tracks/32iPykTXUNZ9oGyACGUybq,audio_features,spotify:track:32iPykTXUNZ9oGyACGUybq,0.114
191,192,Stay Flo,Solange,1619892,https://open.spotify.com/track/6GCIYIWUBSLontW6divqsw,6GCIYIWUBSLontW6divqsw,41,0.397,https://api.spotify.com/v1/audio-analysis/6GCIYIWUBSLontW6divqsw,0.823,175707,0.558,6GCIYIWUBSLontW6divqsw,2.03e-05,9,0.0821,-7.119,1,0.0278,155.974,4,https://api.spotify.com/v1/tracks/6GCIYIWUBSLontW6divqsw,audio_features,spotify:track:6GCIYIWUBSLontW6divqsw,0.674
192,193,Twerk (feat. Cardi B),City Girls,1616466,https://open.spotify.com/track/4DyBx5MYoq8RsU33cEAIxT,4DyBx5MYoq8RsU33cEAIxT,42,0.122,https://api.spotify.com/v1/audio-analysis/4DyBx5MYoq8RsU33cEAIxT,0.788,166476,0.841,4DyBx5MYoq8RsU33cEAIxT,0.0011,4,0.166,-4.006,0,0.143,190.089,4,https://api.spotify.com/v1/tracks/4DyBx5MYoq8RsU33cEAIxT,audio_features,spotify:track:4DyBx5MYoq8RsU33cEAIxT,0.493
193,194,Giant (with Rag'n'Bone Man),Calvin Harris,1616250,https://open.spotify.com/track/5itOtNx0WxtJmi1TQ3RuRd,5itOtNx0WxtJmi1TQ3RuRd,43,0.016,https://api.spotify.com/v1/audio-analysis/5itOtNx0WxtJmi1TQ3RuRd,0.807,229184,0.887,5itOtNx0WxtJmi1TQ3RuRd,0.000503,1,0.0811,-4.311,0,0.0361,122.015,4,https://api.spotify.com/v1/tracks/5itOtNx0WxtJmi1TQ3RuRd,audio_features,spotify:track:5itOtNx0WxtJmi1TQ3RuRd,0.606
194,195,Say You Won't Let Go,James Arthur,1608352,https://open.spotify.com/track/5uCax9HTNlzGybIStD3vDh,5uCax9HTNlzGybIStD3vDh,44,0.695,https://api.spotify.com/v1/audio-analysis/5uCax9HTNlzGybIStD3vDh,0.358,211467,0.557,5uCax9HTNlzGybIStD3vDh,0.0,10,0.0902,-7.398,1,0.059,85.043,4,https://api.spotify.com/v1/tracks/5uCax9HTNlzGybIStD3vDh,audio_features,spotify:track:5uCax9HTNlzGybIStD3vDh,0.494
195,196,Look At Me!,XXXTENTACION,1605800,https://open.spotify.com/track/6eYxmK9fdL4hwLnXG2zY3s,6eYxmK9fdL4hwLnXG2zY3s,45,0.259,https://api.spotify.com/v1/audio-analysis/6eYxmK9fdL4hwLnXG2zY3s,0.763,126346,0.726,6eYxmK9fdL4hwLnXG2zY3s,0.0,1,0.0976,-6.405,1,0.282,139.059,4,https://api.spotify.com/v1/tracks/6eYxmK9fdL4hwLnXG2zY3s,audio_features,spotify:track:6eYxmK9fdL4hwLnXG2zY3s,0.349
196,197,Ok 4 Now,Lil Skies,1604843,https://open.spotify.com/track/0k7Qyc2J6cUryNNhf0pPEL,0k7Qyc2J6cUryNNhf0pPEL,46,0.103,https://api.spotify.com/v1/audio-analysis/0k7Qyc2J6cUryNNhf0pPEL,0.66,164624,0.544,0k7Qyc2J6cUryNNhf0pPEL,0.000564,11,0.111,-9.44,0,0.06,140.103,4,https://api.spotify.com/v1/tracks/0k7Qyc2J6cUryNNhf0pPEL,audio_features,spotify:track:0k7Qyc2J6cUryNNhf0pPEL,0.313
197,198,Trip,Ella Mai,1601397,https://open.spotify.com/track/6CTWathupIiDs7U4InHnDA,6CTWathupIiDs7U4InHnDA,47,0.225,https://api.spotify.com/v1/audio-analysis/6CTWathupIiDs7U4InHnDA,0.477,213993,0.61,6CTWathupIiDs7U4InHnDA,0.0,11,0.107,-5.628,0,0.144,79.882,4,https://api.spotify.com/v1/tracks/6CTWathupIiDs7U4InHnDA,audio_features,spotify:track:6CTWathupIiDs7U4InHnDA,0.358
198,199,Year 3000,Jonas Brothers,1598665,https://open.spotify.com/track/3OB5BAGCGtnEYHRh7B6UH9,3OB5BAGCGtnEYHRh7B6UH9,48,0.00503,https://api.spotify.com/v1/audio-analysis/3OB5BAGCGtnEYHRh7B6UH9,0.657,201347,0.854,3OB5BAGCGtnEYHRh7B6UH9,0.0,11,0.435,-5.819,1,0.0454,106.964,4,https://api.spotify.com/v1/tracks/3OB5BAGCGtnEYHRh7B6UH9,audio_features,spotify:track:3OB5BAGCGtnEYHRh7B6UH9,0.743
199,200,Black & White,Juice WRLD,1597079,https://open.spotify.com/track/1fCeXjoRExPP2qwSBh2aST,1fCeXjoRExPP2qwSBh2aST,49,0.0802,https://api.spotify.com/v1/audio-analysis/1fCeXjoRExPP2qwSBh2aST,0.776,186945,0.736,1fCeXjoRExPP2qwSBh2aST,0.0,7,0.159,-4.612,1,0.247,147.946,4,https://api.spotify.com/v1/tracks/1fCeXjoRExPP2qwSBh2aST,audio_features,spotify:track:1fCeXjoRExPP2qwSBh2aST,0.233
